一级指标,二级指标,三级指标,Variables,类型,来源,two_stage_internal_weight,two_stage_global_weight,global_critic_weight,weight_difference
经济,发展质量,人均GDP增长率,GDP per capita growth (annual %)_x,正向,世界银行WDI数据库,0.09505889362948626,0.023764723407371565,0.0118752864910526,0.011889436916318965
经济,发展质量,商品出口占GDP比重,Merchandise exports (% of GDP),正向,世界银行WDI数据库,0.18866085375653088,0.04716521343913272,0.0265900425753448,0.02057517086378792
经济,发展质量,通货膨胀率,"Inflation, GDP deflator (annual %)",负向,世界银行WDI数据库,0.08222198736535585,0.020555496841338963,0.0101228255711598,0.010432671270179163
经济,产业发展,每工人农业增加值,"Agriculture, forestry, and fishing, value added per worker (constant 2015 US$)_x",正向,世界银行WDI数据库,0.11873529093033418,0.029683822732583545,0.0135039931950289,0.016179829537554646
经济,产业发展,每工人工业增加值,"Industry (including construction), value added per worker (constant 2015 US$)_x",正向,世界银行WDI数据库,0.13881932208213585,0.03470483052053396,0.0199280861497537,0.014776744370780262
经济,产业发展,每工人服务业增加值,"Services, value added per worker (constant 2015 US$)_x",正向,世界银行WDI数据库,0.21018274098192932,0.05254568524548233,0.0272301901639023,0.02531549508158003
经济,外部经济联系,经常账户余额占GDP百分比,"Current account balance, percent of GDP (Percent of GDP)(IMF)",正向,世界银行WDI数据库,0.16632091125422763,0.04158022781355691,0.0225216797765371,0.019058548037019805
社会,社会公平,性别平等,Proportion of seats held by women in national parliaments (%)_x,正向,世界银行WDI数据库,0.13398679781031358,0.033496699452578396,0.035762531497912,-0.0022658320453336003
社会,社会公平,营养不良发生率,Prevalence of undernourishment (percent) (3-year average),负向,联合国粮食及农业组织FAO数据库,0.10564215735972238,0.026410539339930594,0.0290797458032439,-0.0026692064633133047
社会,人口状况,出生时预期寿命,"Life expectancy at birth, total (years)_pct_change",正向,世界银行WDI数据库,0.023168797184786653,0.005792199296196663,0.0060636070716077,-0.000271407775411037
社会,人口状况,人口增长率,Population growth (annual %),负向,世界银行WDI数据库,0.06718567645751813,0.016796419114379534,0.0195298108834451,-0.0027333917690655664
社会,教科医卫,发表科技论文数量（每百万人）,Scientific and technical journal articles per million people,正向,世界银行WDI数据库,0.06040588942632497,0.015101472356581243,0.0196843003383183,-0.004582827981737056
社会,教科医卫,艾滋病病毒感染率,"Prevalence of HIV, total (% of population ages 15-49)_x",负向,世界银行WDI数据库,0.15398171061500532,0.03849542765375133,0.0418972411503399,-0.0034018134965885724
社会,教科医卫,国内政府卫生支出（占GDP百分比）,Domestic general government health expenditure (% of GDP),正向,世界银行WDI数据库,0.10658005810805253,0.026645014527013133,0.0328791109337698,-0.006234096406756668
社会,基础设施,使用互联网的人口比例,Individuals using the Internet (% of population)_x,正向,世界银行WDI数据库,0.09354073353075695,0.02338518338268924,0.030872633105323,-0.007487449722633762
社会,基础设施,移动手机使用数,Mobile cellular subscriptions (per 100 people),正向,世界银行WDI数据库,0.13021106330379847,0.03255276582594962,0.0423030218422948,-0.009750256016345181
社会,基础设施,通电率,Access to electricity (% of population)_x,正向,世界银行WDI数据库,0.125297116203721,0.03132427905093025,0.0367082773674834,-0.005383998316553153
资源,自然资源,矿石资源损耗占GNI比,Adjusted savings: mineral depletion (% of GNI),负向,世界银行WDI数据库,0.09136415479612069,0.02284103869903017,0.0197732776210613,0.003067761077968873
资源,自然资源,森林资源损耗占GNI比,Adjusted savings: net forest depletion (% of GNI),负向,世界银行WDI数据库,0.11585083578952796,0.02896270894738199,0.0244708092332669,0.0044918997141150906
资源,自然资源,人均可再生内陆淡水资源,Renewable internal freshwater resources per capita (cubic meters)_x,正向,世界银行WDI数据库,0.12782087365397832,0.03195521841349458,0.0272274711084623,0.004727747305032278
资源,资源利用效率,一次能源的能源强度,Energy intensity level of primary energy (MJ/$2021 PPP GDP),负向,世界银行WDI数据库,0.13285765619767556,0.03321441404941889,0.028690385585793,0.0045240284636258905
资源,资源利用效率,水资源生产效率,"Water productivity, total (constant 2015 US$ GDP per cubic meter of total freshwater withdrawal)_x",正向,世界银行WDI数据库,0.09766695352967107,0.024416738382417768,0.0217762960102131,0.0026404423722046697
资源,能源生产和消费,能源损耗占GNI比,Adjusted savings: energy depletion (% of GNI),负向,世界银行WDI数据库,0.09051049633746149,0.02262762408436537,0.0197910882228083,0.00283653586155707
资源,能源生产和消费,人均能源消耗,Energy consumption per capita (million Btu per person),负向,美国能源信息署,0.12310585850258106,0.030776464625645265,0.0235508049107385,0.007225659714906765
资源,能源生产和消费,人均太阳能、潮汐、波浪、燃料电池发电装机容量,"Solar, tide, wave, fuel cell electricity installed capacity (million kilowatts)_per_capita",正向,美国能源信息署,0.07454519831868217,0.018636299579670543,0.0146328085593703,0.004003491020300242
资源,能源生产和消费,人均生物质和废弃物发电净发电量,Biomass and waste electricity net generation (million metric tons of oil equivalent)_per_capita,正向,美国能源信息署,0.14627797287430166,0.036569493218575416,0.0294288175494813,0.007140675669094116
生态,生态环境,森林面积占比,Forest area (% of land area)_x,正向,世界银行WDI数据库,0.12785526182288745,0.03196381545572186,0.0482138964016925,-0.016250080945970635
生态,生态环境,湿地面积占比,Wetland area(% of land area),正向,联合国粮食及农业组织FAOSTAT土地覆盖数据库（经IMF-CID整理）,0.10681411483741746,0.026703528709354364,0.0404855005261307,-0.013781971816776338
生态,生态环境,草原面积占比,Grassland area(% of land area),正向,耶鲁大学EPI数据库,0.12254602349735347,0.030636505874338367,0.0444942685252295,-0.013857762650891135
生态,生态环境,陆地贫瘠土地面积占比,"Terrestrial barren land|1000 HA|ECCCT|Terrestrial Barren Land|Environment, Climate Change, Climate Indicators, Land Cover Accounts, Terrestrial Barren Land|Climate neutral(% of land area)",负向,世界货币基金组织气候变化数据库,0.1201216018536951,0.030030400463423774,0.0463800155891976,-0.016349615125773823
生态,环境污染,人均二氧化碳排放,CO2 emissions (metric tons per capita)_x,负向,世界银行WDI数据库,0.08394256597625377,0.020985641494063442,0.0242630900337145,-0.0032774485396510587
生态,环境污染,PM2.5暴露量,PM2.5 exposure/Ambient particulate matter pollution,负向,耶鲁大学EPI数据库,0.13251519672922757,0.03312879918230689,0.0442480582154166,-0.011119259033109709
生态,生态保护,陆地生物群落保护,Terrestrial biome protection (global weights),正向,耶鲁大学EPI数据库,0.15781709564809332,0.03945427391202333,0.0609524601138573,-0.02149818620183397
生态,生态保护,物种保护指数,Species Protection Index,正向,耶鲁大学EPI数据库,0.1483881396350719,0.03709703490876797,0.0550685678770474,-0.017971532968279427
