Numeric,Year,available_indicators,total_indicators,coverage_rate,meets_80pct_coverage,Alpha-3 code,CountryName_CN
24,2001,34,34,1.0,True,AGO,安哥拉
24,2002,34,34,1.0,True,AGO,安哥拉
24,2003,34,34,1.0,True,AGO,安哥拉
24,2004,34,34,1.0,True,AGO,安哥拉
24,2005,34,34,1.0,True,AGO,安哥拉
24,2006,34,34,1.0,True,AGO,安哥拉
24,2007,34,34,1.0,True,AGO,安哥拉
24,2008,34,34,1.0,True,AGO,安哥拉
24,2009,34,34,1.0,True,AGO,安哥拉
24,2010,34,34,1.0,True,AGO,安哥拉
24,2011,34,34,1.0,True,AGO,安哥拉
24,2012,34,34,1.0,True,AGO,安哥拉
24,2013,34,34,1.0,True,AGO,安哥拉
24,2014,34,34,1.0,True,AGO,安哥拉
24,2015,34,34,1.0,True,AGO,安哥拉
24,2016,34,34,1.0,True,AGO,安哥拉
24,2017,34,34,1.0,True,AGO,安哥拉
24,2018,34,34,1.0,True,AGO,安哥拉
24,2019,34,34,1.0,True,AGO,安哥拉
24,2020,34,34,1.0,True,AGO,安哥拉
24,2021,34,34,1.0,True,AGO,安哥拉
72,2001,34,34,1.0,True,BWA,博茨瓦纳
72,2002,34,34,1.0,True,BWA,博茨瓦纳
72,2003,34,34,1.0,True,BWA,博茨瓦纳
72,2004,34,34,1.0,True,BWA,博茨瓦纳
72,2005,34,34,1.0,True,BWA,博茨瓦纳
72,2006,34,34,1.0,True,BWA,博茨瓦纳
72,2007,34,34,1.0,True,BWA,博茨瓦纳
72,2008,34,34,1.0,True,BWA,博茨瓦纳
72,2009,34,34,1.0,True,BWA,博茨瓦纳
72,2010,34,34,1.0,True,BWA,博茨瓦纳
72,2011,34,34,1.0,True,BWA,博茨瓦纳
72,2012,34,34,1.0,True,BWA,博茨瓦纳
72,2013,34,34,1.0,True,BWA,博茨瓦纳
72,2014,34,34,1.0,True,BWA,博茨瓦纳
72,2015,34,34,1.0,True,BWA,博茨瓦纳
72,2016,34,34,1.0,True,BWA,博茨瓦纳
72,2017,34,34,1.0,True,BWA,博茨瓦纳
72,2018,34,34,1.0,True,BWA,博茨瓦纳
72,2019,34,34,1.0,True,BWA,博茨瓦纳
72,2020,34,34,1.0,True,BWA,博茨瓦纳
72,2021,34,34,1.0,True,BWA,博茨瓦纳
108,2001,33,34,0.9705882352941176,True,BDI,布隆迪
108,2002,33,34,0.9705882352941176,True,BDI,布隆迪
108,2003,33,34,0.9705882352941176,True,BDI,布隆迪
108,2004,33,34,0.9705882352941176,True,BDI,布隆迪
108,2005,33,34,0.9705882352941176,True,BDI,布隆迪
108,2006,33,34,0.9705882352941176,True,BDI,布隆迪
108,2007,33,34,0.9705882352941176,True,BDI,布隆迪
108,2008,33,34,0.9705882352941176,True,BDI,布隆迪
108,2009,33,34,0.9705882352941176,True,BDI,布隆迪
108,2010,33,34,0.9705882352941176,True,BDI,布隆迪
108,2011,33,34,0.9705882352941176,True,BDI,布隆迪
108,2012,33,34,0.9705882352941176,True,BDI,布隆迪
108,2013,33,34,0.9705882352941176,True,BDI,布隆迪
108,2014,33,34,0.9705882352941176,True,BDI,布隆迪
108,2015,33,34,0.9705882352941176,True,BDI,布隆迪
108,2016,33,34,0.9705882352941176,True,BDI,布隆迪
108,2017,33,34,0.9705882352941176,True,BDI,布隆迪
108,2018,33,34,0.9705882352941176,True,BDI,布隆迪
108,2019,33,34,0.9705882352941176,True,BDI,布隆迪
108,2020,33,34,0.9705882352941176,True,BDI,布隆迪
108,2021,33,34,0.9705882352941176,True,BDI,布隆迪
120,2001,34,34,1.0,True,CMR,喀麦隆
120,2002,34,34,1.0,True,CMR,喀麦隆
120,2003,34,34,1.0,True,CMR,喀麦隆
120,2004,34,34,1.0,True,CMR,喀麦隆
120,2005,34,34,1.0,True,CMR,喀麦隆
120,2006,34,34,1.0,True,CMR,喀麦隆
120,2007,34,34,1.0,True,CMR,喀麦隆
120,2008,34,34,1.0,True,CMR,喀麦隆
120,2009,34,34,1.0,True,CMR,喀麦隆
120,2010,34,34,1.0,True,CMR,喀麦隆
120,2011,34,34,1.0,True,CMR,喀麦隆
120,2012,34,34,1.0,True,CMR,喀麦隆
120,2013,34,34,1.0,True,CMR,喀麦隆
120,2014,34,34,1.0,True,CMR,喀麦隆
120,2015,34,34,1.0,True,CMR,喀麦隆
120,2016,34,34,1.0,True,CMR,喀麦隆
120,2017,34,34,1.0,True,CMR,喀麦隆
120,2018,34,34,1.0,True,CMR,喀麦隆
120,2019,34,34,1.0,True,CMR,喀麦隆
120,2020,34,34,1.0,True,CMR,喀麦隆
120,2021,34,34,1.0,True,CMR,喀麦隆
132,2001,34,34,1.0,True,CPV,佛得角
132,2002,34,34,1.0,True,CPV,佛得角
132,2003,34,34,1.0,True,CPV,佛得角
132,2004,34,34,1.0,True,CPV,佛得角
132,2005,34,34,1.0,True,CPV,佛得角
132,2006,34,34,1.0,True,CPV,佛得角
132,2007,34,34,1.0,True,CPV,佛得角
132,2008,34,34,1.0,True,CPV,佛得角
132,2009,34,34,1.0,True,CPV,佛得角
132,2010,34,34,1.0,True,CPV,佛得角
132,2011,34,34,1.0,True,CPV,佛得角
132,2012,34,34,1.0,True,CPV,佛得角
132,2013,34,34,1.0,True,CPV,佛得角
132,2014,34,34,1.0,True,CPV,佛得角
132,2015,34,34,1.0,True,CPV,佛得角
132,2016,34,34,1.0,True,CPV,佛得角
132,2017,34,34,1.0,True,CPV,佛得角
132,2018,34,34,1.0,True,CPV,佛得角
132,2019,34,34,1.0,True,CPV,佛得角
132,2020,34,34,1.0,True,CPV,佛得角
132,2021,34,34,1.0,True,CPV,佛得角
140,2001,33,34,0.9705882352941176,True,CAF,中非
140,2002,33,34,0.9705882352941176,True,CAF,中非
140,2003,33,34,0.9705882352941176,True,CAF,中非
140,2004,33,34,0.9705882352941176,True,CAF,中非
140,2005,33,34,0.9705882352941176,True,CAF,中非
140,2006,33,34,0.9705882352941176,True,CAF,中非
140,2007,33,34,0.9705882352941176,True,CAF,中非
140,2008,33,34,0.9705882352941176,True,CAF,中非
140,2009,33,34,0.9705882352941176,True,CAF,中非
140,2010,33,34,0.9705882352941176,True,CAF,中非
140,2011,33,34,0.9705882352941176,True,CAF,中非
140,2012,33,34,0.9705882352941176,True,CAF,中非
140,2013,33,34,0.9705882352941176,True,CAF,中非
140,2014,33,34,0.9705882352941176,True,CAF,中非
140,2015,33,34,0.9705882352941176,True,CAF,中非
140,2016,33,34,0.9705882352941176,True,CAF,中非
140,2017,33,34,0.9705882352941176,True,CAF,中非
140,2018,33,34,0.9705882352941176,True,CAF,中非
140,2019,33,34,0.9705882352941176,True,CAF,中非
140,2020,33,34,0.9705882352941176,True,CAF,中非
140,2021,33,34,0.9705882352941176,True,CAF,中非
148,2001,33,34,0.9705882352941176,True,TCD,乍得
148,2002,33,34,0.9705882352941176,True,TCD,乍得
148,2003,33,34,0.9705882352941176,True,TCD,乍得
148,2004,33,34,0.9705882352941176,True,TCD,乍得
148,2005,33,34,0.9705882352941176,True,TCD,乍得
148,2006,33,34,0.9705882352941176,True,TCD,乍得
148,2007,33,34,0.9705882352941176,True,TCD,乍得
148,2008,33,34,0.9705882352941176,True,TCD,乍得
148,2009,33,34,0.9705882352941176,True,TCD,乍得
148,2010,33,34,0.9705882352941176,True,TCD,乍得
148,2011,33,34,0.9705882352941176,True,TCD,乍得
148,2012,33,34,0.9705882352941176,True,TCD,乍得
148,2013,33,34,0.9705882352941176,True,TCD,乍得
148,2014,33,34,0.9705882352941176,True,TCD,乍得
148,2015,33,34,0.9705882352941176,True,TCD,乍得
148,2016,33,34,0.9705882352941176,True,TCD,乍得
148,2017,33,34,0.9705882352941176,True,TCD,乍得
148,2018,33,34,0.9705882352941176,True,TCD,乍得
148,2019,33,34,0.9705882352941176,True,TCD,乍得
148,2020,33,34,0.9705882352941176,True,TCD,乍得
148,2021,33,34,0.9705882352941176,True,TCD,乍得
174,2001,34,34,1.0,True,COM,科摩罗
174,2002,34,34,1.0,True,COM,科摩罗
174,2003,34,34,1.0,True,COM,科摩罗
174,2004,34,34,1.0,True,COM,科摩罗
174,2005,34,34,1.0,True,COM,科摩罗
174,2006,34,34,1.0,True,COM,科摩罗
174,2007,34,34,1.0,True,COM,科摩罗
174,2008,34,34,1.0,True,COM,科摩罗
174,2009,34,34,1.0,True,COM,科摩罗
174,2010,34,34,1.0,True,COM,科摩罗
174,2011,34,34,1.0,True,COM,科摩罗
174,2012,34,34,1.0,True,COM,科摩罗
174,2013,34,34,1.0,True,COM,科摩罗
174,2014,34,34,1.0,True,COM,科摩罗
174,2015,34,34,1.0,True,COM,科摩罗
174,2016,34,34,1.0,True,COM,科摩罗
174,2017,34,34,1.0,True,COM,科摩罗
174,2018,34,34,1.0,True,COM,科摩罗
174,2019,34,34,1.0,True,COM,科摩罗
174,2020,34,34,1.0,True,COM,科摩罗
174,2021,34,34,1.0,True,COM,科摩罗
178,2001,34,34,1.0,True,COG,刚果（布）
178,2002,34,34,1.0,True,COG,刚果（布）
178,2003,34,34,1.0,True,COG,刚果（布）
178,2004,34,34,1.0,True,COG,刚果（布）
178,2005,34,34,1.0,True,COG,刚果（布）
178,2006,34,34,1.0,True,COG,刚果（布）
178,2007,34,34,1.0,True,COG,刚果（布）
178,2008,34,34,1.0,True,COG,刚果（布）
178,2009,34,34,1.0,True,COG,刚果（布）
178,2010,34,34,1.0,True,COG,刚果（布）
178,2011,34,34,1.0,True,COG,刚果（布）
178,2012,34,34,1.0,True,COG,刚果（布）
178,2013,34,34,1.0,True,COG,刚果（布）
178,2014,34,34,1.0,True,COG,刚果（布）
178,2015,34,34,1.0,True,COG,刚果（布）
178,2016,34,34,1.0,True,COG,刚果（布）
178,2017,34,34,1.0,True,COG,刚果（布）
178,2018,34,34,1.0,True,COG,刚果（布）
178,2019,34,34,1.0,True,COG,刚果（布）
178,2020,34,34,1.0,True,COG,刚果（布）
178,2021,34,34,1.0,True,COG,刚果（布）
180,2001,34,34,1.0,True,COD,刚果（金）
180,2002,34,34,1.0,True,COD,刚果（金）
180,2003,34,34,1.0,True,COD,刚果（金）
180,2004,34,34,1.0,True,COD,刚果（金）
180,2005,34,34,1.0,True,COD,刚果（金）
180,2006,34,34,1.0,True,COD,刚果（金）
180,2007,34,34,1.0,True,COD,刚果（金）
180,2008,34,34,1.0,True,COD,刚果（金）
180,2009,34,34,1.0,True,COD,刚果（金）
180,2010,34,34,1.0,True,COD,刚果（金）
180,2011,34,34,1.0,True,COD,刚果（金）
180,2012,34,34,1.0,True,COD,刚果（金）
180,2013,34,34,1.0,True,COD,刚果（金）
180,2014,34,34,1.0,True,COD,刚果（金）
180,2015,34,34,1.0,True,COD,刚果（金）
180,2016,34,34,1.0,True,COD,刚果（金）
180,2017,34,34,1.0,True,COD,刚果（金）
180,2018,34,34,1.0,True,COD,刚果（金）
180,2019,34,34,1.0,True,COD,刚果（金）
180,2020,34,34,1.0,True,COD,刚果（金）
180,2021,34,34,1.0,True,COD,刚果（金）
204,2001,34,34,1.0,True,BEN,贝宁
204,2002,34,34,1.0,True,BEN,贝宁
204,2003,34,34,1.0,True,BEN,贝宁
204,2004,34,34,1.0,True,BEN,贝宁
204,2005,34,34,1.0,True,BEN,贝宁
204,2006,34,34,1.0,True,BEN,贝宁
204,2007,34,34,1.0,True,BEN,贝宁
204,2008,34,34,1.0,True,BEN,贝宁
204,2009,34,34,1.0,True,BEN,贝宁
204,2010,34,34,1.0,True,BEN,贝宁
204,2011,34,34,1.0,True,BEN,贝宁
204,2012,34,34,1.0,True,BEN,贝宁
204,2013,34,34,1.0,True,BEN,贝宁
204,2014,34,34,1.0,True,BEN,贝宁
204,2015,34,34,1.0,True,BEN,贝宁
204,2016,34,34,1.0,True,BEN,贝宁
204,2017,34,34,1.0,True,BEN,贝宁
204,2018,34,34,1.0,True,BEN,贝宁
204,2019,34,34,1.0,True,BEN,贝宁
204,2020,34,34,1.0,True,BEN,贝宁
204,2021,34,34,1.0,True,BEN,贝宁
226,2001,31,34,0.9117647058823529,True,GNQ,赤道几内亚
226,2002,31,34,0.9117647058823529,True,GNQ,赤道几内亚
226,2003,31,34,0.9117647058823529,True,GNQ,赤道几内亚
226,2004,31,34,0.9117647058823529,True,GNQ,赤道几内亚
226,2005,31,34,0.9117647058823529,True,GNQ,赤道几内亚
226,2006,31,34,0.9117647058823529,True,GNQ,赤道几内亚
226,2007,31,34,0.9117647058823529,True,GNQ,赤道几内亚
226,2008,31,34,0.9117647058823529,True,GNQ,赤道几内亚
226,2009,31,34,0.9117647058823529,True,GNQ,赤道几内亚
226,2010,31,34,0.9117647058823529,True,GNQ,赤道几内亚
226,2011,31,34,0.9117647058823529,True,GNQ,赤道几内亚
226,2012,31,34,0.9117647058823529,True,GNQ,赤道几内亚
226,2013,31,34,0.9117647058823529,True,GNQ,赤道几内亚
226,2014,31,34,0.9117647058823529,True,GNQ,赤道几内亚
226,2015,31,34,0.9117647058823529,True,GNQ,赤道几内亚
226,2016,31,34,0.9117647058823529,True,GNQ,赤道几内亚
226,2017,31,34,0.9117647058823529,True,GNQ,赤道几内亚
226,2018,31,34,0.9117647058823529,True,GNQ,赤道几内亚
226,2019,31,34,0.9117647058823529,True,GNQ,赤道几内亚
226,2020,31,34,0.9117647058823529,True,GNQ,赤道几内亚
226,2021,31,34,0.9117647058823529,True,GNQ,赤道几内亚
231,2001,34,34,1.0,True,ETH,埃塞俄比亚
231,2002,34,34,1.0,True,ETH,埃塞俄比亚
231,2003,34,34,1.0,True,ETH,埃塞俄比亚
231,2004,34,34,1.0,True,ETH,埃塞俄比亚
231,2005,34,34,1.0,True,ETH,埃塞俄比亚
231,2006,34,34,1.0,True,ETH,埃塞俄比亚
231,2007,34,34,1.0,True,ETH,埃塞俄比亚
231,2008,34,34,1.0,True,ETH,埃塞俄比亚
231,2009,34,34,1.0,True,ETH,埃塞俄比亚
231,2010,34,34,1.0,True,ETH,埃塞俄比亚
231,2011,34,34,1.0,True,ETH,埃塞俄比亚
231,2012,34,34,1.0,True,ETH,埃塞俄比亚
231,2013,34,34,1.0,True,ETH,埃塞俄比亚
231,2014,34,34,1.0,True,ETH,埃塞俄比亚
231,2015,34,34,1.0,True,ETH,埃塞俄比亚
231,2016,34,34,1.0,True,ETH,埃塞俄比亚
231,2017,34,34,1.0,True,ETH,埃塞俄比亚
231,2018,34,34,1.0,True,ETH,埃塞俄比亚
231,2019,34,34,1.0,True,ETH,埃塞俄比亚
231,2020,34,34,1.0,True,ETH,埃塞俄比亚
231,2021,34,34,1.0,True,ETH,埃塞俄比亚
232,2001,29,34,0.8529411764705882,True,ERI,厄立特里亚
232,2002,29,34,0.8529411764705882,True,ERI,厄立特里亚
232,2003,29,34,0.8529411764705882,True,ERI,厄立特里亚
232,2004,29,34,0.8529411764705882,True,ERI,厄立特里亚
232,2005,29,34,0.8529411764705882,True,ERI,厄立特里亚
232,2006,29,34,0.8529411764705882,True,ERI,厄立特里亚
232,2007,29,34,0.8529411764705882,True,ERI,厄立特里亚
232,2008,29,34,0.8529411764705882,True,ERI,厄立特里亚
232,2009,29,34,0.8529411764705882,True,ERI,厄立特里亚
232,2010,29,34,0.8529411764705882,True,ERI,厄立特里亚
232,2011,29,34,0.8529411764705882,True,ERI,厄立特里亚
232,2012,29,34,0.8529411764705882,True,ERI,厄立特里亚
232,2013,29,34,0.8529411764705882,True,ERI,厄立特里亚
232,2014,29,34,0.8529411764705882,True,ERI,厄立特里亚
232,2015,29,34,0.8529411764705882,True,ERI,厄立特里亚
232,2016,29,34,0.8529411764705882,True,ERI,厄立特里亚
232,2017,29,34,0.8529411764705882,True,ERI,厄立特里亚
232,2018,29,34,0.8529411764705882,True,ERI,厄立特里亚
232,2019,29,34,0.8529411764705882,True,ERI,厄立特里亚
232,2020,29,34,0.8529411764705882,True,ERI,厄立特里亚
232,2021,29,34,0.8529411764705882,True,ERI,厄立特里亚
262,2001,28,34,0.8235294117647058,True,DJI,吉布提
262,2002,28,34,0.8235294117647058,True,DJI,吉布提
262,2003,28,34,0.8235294117647058,True,DJI,吉布提
262,2004,28,34,0.8235294117647058,True,DJI,吉布提
262,2005,28,34,0.8235294117647058,True,DJI,吉布提
262,2006,28,34,0.8235294117647058,True,DJI,吉布提
262,2007,28,34,0.8235294117647058,True,DJI,吉布提
262,2008,28,34,0.8235294117647058,True,DJI,吉布提
262,2009,28,34,0.8235294117647058,True,DJI,吉布提
262,2010,28,34,0.8235294117647058,True,DJI,吉布提
262,2011,28,34,0.8235294117647058,True,DJI,吉布提
262,2012,28,34,0.8235294117647058,True,DJI,吉布提
262,2013,32,34,0.9411764705882353,True,DJI,吉布提
262,2014,34,34,1.0,True,DJI,吉布提
262,2015,34,34,1.0,True,DJI,吉布提
262,2016,34,34,1.0,True,DJI,吉布提
262,2017,34,34,1.0,True,DJI,吉布提
262,2018,34,34,1.0,True,DJI,吉布提
262,2019,34,34,1.0,True,DJI,吉布提
262,2020,34,34,1.0,True,DJI,吉布提
262,2021,34,34,1.0,True,DJI,吉布提
266,2001,34,34,1.0,True,GAB,加蓬
266,2002,34,34,1.0,True,GAB,加蓬
266,2003,34,34,1.0,True,GAB,加蓬
266,2004,34,34,1.0,True,GAB,加蓬
266,2005,34,34,1.0,True,GAB,加蓬
266,2006,34,34,1.0,True,GAB,加蓬
266,2007,34,34,1.0,True,GAB,加蓬
266,2008,34,34,1.0,True,GAB,加蓬
266,2009,34,34,1.0,True,GAB,加蓬
266,2010,34,34,1.0,True,GAB,加蓬
266,2011,34,34,1.0,True,GAB,加蓬
266,2012,34,34,1.0,True,GAB,加蓬
266,2013,34,34,1.0,True,GAB,加蓬
266,2014,34,34,1.0,True,GAB,加蓬
266,2015,34,34,1.0,True,GAB,加蓬
266,2016,34,34,1.0,True,GAB,加蓬
266,2017,34,34,1.0,True,GAB,加蓬
266,2018,34,34,1.0,True,GAB,加蓬
266,2019,34,34,1.0,True,GAB,加蓬
266,2020,34,34,1.0,True,GAB,加蓬
266,2021,34,34,1.0,True,GAB,加蓬
270,2001,34,34,1.0,True,GMB,冈比亚
270,2002,34,34,1.0,True,GMB,冈比亚
270,2003,34,34,1.0,True,GMB,冈比亚
270,2004,34,34,1.0,True,GMB,冈比亚
270,2005,34,34,1.0,True,GMB,冈比亚
270,2006,34,34,1.0,True,GMB,冈比亚
270,2007,34,34,1.0,True,GMB,冈比亚
270,2008,34,34,1.0,True,GMB,冈比亚
270,2009,34,34,1.0,True,GMB,冈比亚
270,2010,34,34,1.0,True,GMB,冈比亚
270,2011,34,34,1.0,True,GMB,冈比亚
270,2012,34,34,1.0,True,GMB,冈比亚
270,2013,34,34,1.0,True,GMB,冈比亚
270,2014,34,34,1.0,True,GMB,冈比亚
270,2015,34,34,1.0,True,GMB,冈比亚
270,2016,34,34,1.0,True,GMB,冈比亚
270,2017,34,34,1.0,True,GMB,冈比亚
270,2018,34,34,1.0,True,GMB,冈比亚
270,2019,34,34,1.0,True,GMB,冈比亚
270,2020,34,34,1.0,True,GMB,冈比亚
270,2021,34,34,1.0,True,GMB,冈比亚
288,2001,34,34,1.0,True,GHA,加纳
288,2002,34,34,1.0,True,GHA,加纳
288,2003,34,34,1.0,True,GHA,加纳
288,2004,34,34,1.0,True,GHA,加纳
288,2005,34,34,1.0,True,GHA,加纳
288,2006,34,34,1.0,True,GHA,加纳
288,2007,34,34,1.0,True,GHA,加纳
288,2008,34,34,1.0,True,GHA,加纳
288,2009,34,34,1.0,True,GHA,加纳
288,2010,34,34,1.0,True,GHA,加纳
288,2011,34,34,1.0,True,GHA,加纳
288,2012,34,34,1.0,True,GHA,加纳
288,2013,34,34,1.0,True,GHA,加纳
288,2014,34,34,1.0,True,GHA,加纳
288,2015,34,34,1.0,True,GHA,加纳
288,2016,34,34,1.0,True,GHA,加纳
288,2017,34,34,1.0,True,GHA,加纳
288,2018,34,34,1.0,True,GHA,加纳
288,2019,34,34,1.0,True,GHA,加纳
288,2020,34,34,1.0,True,GHA,加纳
288,2021,34,34,1.0,True,GHA,加纳
324,2001,34,34,1.0,True,GIN,几内亚
324,2002,34,34,1.0,True,GIN,几内亚
324,2003,34,34,1.0,True,GIN,几内亚
324,2004,34,34,1.0,True,GIN,几内亚
324,2005,34,34,1.0,True,GIN,几内亚
324,2006,34,34,1.0,True,GIN,几内亚
324,2007,34,34,1.0,True,GIN,几内亚
324,2008,34,34,1.0,True,GIN,几内亚
324,2009,34,34,1.0,True,GIN,几内亚
324,2010,34,34,1.0,True,GIN,几内亚
324,2011,34,34,1.0,True,GIN,几内亚
324,2012,34,34,1.0,True,GIN,几内亚
324,2013,34,34,1.0,True,GIN,几内亚
324,2014,34,34,1.0,True,GIN,几内亚
324,2015,34,34,1.0,True,GIN,几内亚
324,2016,34,34,1.0,True,GIN,几内亚
324,2017,34,34,1.0,True,GIN,几内亚
324,2018,34,34,1.0,True,GIN,几内亚
324,2019,34,34,1.0,True,GIN,几内亚
324,2020,34,34,1.0,True,GIN,几内亚
324,2021,34,34,1.0,True,GIN,几内亚
384,2001,34,34,1.0,True,CIV,科特迪瓦
384,2002,34,34,1.0,True,CIV,科特迪瓦
384,2003,34,34,1.0,True,CIV,科特迪瓦
384,2004,34,34,1.0,True,CIV,科特迪瓦
384,2005,34,34,1.0,True,CIV,科特迪瓦
384,2006,34,34,1.0,True,CIV,科特迪瓦
384,2007,34,34,1.0,True,CIV,科特迪瓦
384,2008,34,34,1.0,True,CIV,科特迪瓦
384,2009,34,34,1.0,True,CIV,科特迪瓦
384,2010,34,34,1.0,True,CIV,科特迪瓦
384,2011,34,34,1.0,True,CIV,科特迪瓦
384,2012,34,34,1.0,True,CIV,科特迪瓦
384,2013,34,34,1.0,True,CIV,科特迪瓦
384,2014,34,34,1.0,True,CIV,科特迪瓦
384,2015,34,34,1.0,True,CIV,科特迪瓦
384,2016,34,34,1.0,True,CIV,科特迪瓦
384,2017,34,34,1.0,True,CIV,科特迪瓦
384,2018,34,34,1.0,True,CIV,科特迪瓦
384,2019,34,34,1.0,True,CIV,科特迪瓦
384,2020,34,34,1.0,True,CIV,科特迪瓦
384,2021,34,34,1.0,True,CIV,科特迪瓦
404,2001,34,34,1.0,True,KEN,肯尼亚
404,2002,34,34,1.0,True,KEN,肯尼亚
404,2003,34,34,1.0,True,KEN,肯尼亚
404,2004,34,34,1.0,True,KEN,肯尼亚
404,2005,34,34,1.0,True,KEN,肯尼亚
404,2006,34,34,1.0,True,KEN,肯尼亚
404,2007,34,34,1.0,True,KEN,肯尼亚
404,2008,34,34,1.0,True,KEN,肯尼亚
404,2009,34,34,1.0,True,KEN,肯尼亚
404,2010,34,34,1.0,True,KEN,肯尼亚
404,2011,34,34,1.0,True,KEN,肯尼亚
404,2012,34,34,1.0,True,KEN,肯尼亚
404,2013,34,34,1.0,True,KEN,肯尼亚
404,2014,34,34,1.0,True,KEN,肯尼亚
404,2015,34,34,1.0,True,KEN,肯尼亚
404,2016,34,34,1.0,True,KEN,肯尼亚
404,2017,34,34,1.0,True,KEN,肯尼亚
404,2018,34,34,1.0,True,KEN,肯尼亚
404,2019,34,34,1.0,True,KEN,肯尼亚
404,2020,34,34,1.0,True,KEN,肯尼亚
404,2021,34,34,1.0,True,KEN,肯尼亚
426,2001,33,34,0.9705882352941176,True,LSO,莱索托
426,2002,33,34,0.9705882352941176,True,LSO,莱索托
426,2003,33,34,0.9705882352941176,True,LSO,莱索托
426,2004,33,34,0.9705882352941176,True,LSO,莱索托
426,2005,33,34,0.9705882352941176,True,LSO,莱索托
426,2006,33,34,0.9705882352941176,True,LSO,莱索托
426,2007,33,34,0.9705882352941176,True,LSO,莱索托
426,2008,33,34,0.9705882352941176,True,LSO,莱索托
426,2009,33,34,0.9705882352941176,True,LSO,莱索托
426,2010,33,34,0.9705882352941176,True,LSO,莱索托
426,2011,33,34,0.9705882352941176,True,LSO,莱索托
426,2012,33,34,0.9705882352941176,True,LSO,莱索托
426,2013,33,34,0.9705882352941176,True,LSO,莱索托
426,2014,33,34,0.9705882352941176,True,LSO,莱索托
426,2015,33,34,0.9705882352941176,True,LSO,莱索托
426,2016,33,34,0.9705882352941176,True,LSO,莱索托
426,2017,33,34,0.9705882352941176,True,LSO,莱索托
426,2018,33,34,0.9705882352941176,True,LSO,莱索托
426,2019,33,34,0.9705882352941176,True,LSO,莱索托
426,2020,33,34,0.9705882352941176,True,LSO,莱索托
426,2021,33,34,0.9705882352941176,True,LSO,莱索托
430,2001,34,34,1.0,True,LBR,利比里亚
430,2002,34,34,1.0,True,LBR,利比里亚
430,2003,34,34,1.0,True,LBR,利比里亚
430,2004,34,34,1.0,True,LBR,利比里亚
430,2005,34,34,1.0,True,LBR,利比里亚
430,2006,34,34,1.0,True,LBR,利比里亚
430,2007,34,34,1.0,True,LBR,利比里亚
430,2008,34,34,1.0,True,LBR,利比里亚
430,2009,34,34,1.0,True,LBR,利比里亚
430,2010,34,34,1.0,True,LBR,利比里亚
430,2011,34,34,1.0,True,LBR,利比里亚
430,2012,34,34,1.0,True,LBR,利比里亚
430,2013,34,34,1.0,True,LBR,利比里亚
430,2014,34,34,1.0,True,LBR,利比里亚
430,2015,34,34,1.0,True,LBR,利比里亚
430,2016,34,34,1.0,True,LBR,利比里亚
430,2017,34,34,1.0,True,LBR,利比里亚
430,2018,34,34,1.0,True,LBR,利比里亚
430,2019,34,34,1.0,True,LBR,利比里亚
430,2020,34,34,1.0,True,LBR,利比里亚
430,2021,34,34,1.0,True,LBR,利比里亚
450,2001,34,34,1.0,True,MDG,马达加斯加
450,2002,34,34,1.0,True,MDG,马达加斯加
450,2003,34,34,1.0,True,MDG,马达加斯加
450,2004,34,34,1.0,True,MDG,马达加斯加
450,2005,34,34,1.0,True,MDG,马达加斯加
450,2006,34,34,1.0,True,MDG,马达加斯加
450,2007,34,34,1.0,True,MDG,马达加斯加
450,2008,34,34,1.0,True,MDG,马达加斯加
450,2009,34,34,1.0,True,MDG,马达加斯加
450,2010,34,34,1.0,True,MDG,马达加斯加
450,2011,34,34,1.0,True,MDG,马达加斯加
450,2012,34,34,1.0,True,MDG,马达加斯加
450,2013,34,34,1.0,True,MDG,马达加斯加
450,2014,34,34,1.0,True,MDG,马达加斯加
450,2015,34,34,1.0,True,MDG,马达加斯加
450,2016,34,34,1.0,True,MDG,马达加斯加
450,2017,34,34,1.0,True,MDG,马达加斯加
450,2018,34,34,1.0,True,MDG,马达加斯加
450,2019,34,34,1.0,True,MDG,马达加斯加
450,2020,34,34,1.0,True,MDG,马达加斯加
450,2021,34,34,1.0,True,MDG,马达加斯加
454,2001,34,34,1.0,True,MWI,马拉维
454,2002,34,34,1.0,True,MWI,马拉维
454,2003,34,34,1.0,True,MWI,马拉维
454,2004,34,34,1.0,True,MWI,马拉维
454,2005,34,34,1.0,True,MWI,马拉维
454,2006,34,34,1.0,True,MWI,马拉维
454,2007,34,34,1.0,True,MWI,马拉维
454,2008,34,34,1.0,True,MWI,马拉维
454,2009,34,34,1.0,True,MWI,马拉维
454,2010,34,34,1.0,True,MWI,马拉维
454,2011,34,34,1.0,True,MWI,马拉维
454,2012,34,34,1.0,True,MWI,马拉维
454,2013,34,34,1.0,True,MWI,马拉维
454,2014,34,34,1.0,True,MWI,马拉维
454,2015,34,34,1.0,True,MWI,马拉维
454,2016,34,34,1.0,True,MWI,马拉维
454,2017,34,34,1.0,True,MWI,马拉维
454,2018,34,34,1.0,True,MWI,马拉维
454,2019,34,34,1.0,True,MWI,马拉维
454,2020,34,34,1.0,True,MWI,马拉维
454,2021,34,34,1.0,True,MWI,马拉维
466,2001,34,34,1.0,True,MLI,马里
466,2002,34,34,1.0,True,MLI,马里
466,2003,34,34,1.0,True,MLI,马里
466,2004,34,34,1.0,True,MLI,马里
466,2005,34,34,1.0,True,MLI,马里
466,2006,34,34,1.0,True,MLI,马里
466,2007,34,34,1.0,True,MLI,马里
466,2008,34,34,1.0,True,MLI,马里
466,2009,34,34,1.0,True,MLI,马里
466,2010,34,34,1.0,True,MLI,马里
466,2011,34,34,1.0,True,MLI,马里
466,2012,34,34,1.0,True,MLI,马里
466,2013,34,34,1.0,True,MLI,马里
466,2014,34,34,1.0,True,MLI,马里
466,2015,34,34,1.0,True,MLI,马里
466,2016,34,34,1.0,True,MLI,马里
466,2017,34,34,1.0,True,MLI,马里
466,2018,34,34,1.0,True,MLI,马里
466,2019,34,34,1.0,True,MLI,马里
466,2020,34,34,1.0,True,MLI,马里
466,2021,34,34,1.0,True,MLI,马里
480,2001,33,34,0.9705882352941176,True,MUS,毛里求斯
480,2002,33,34,0.9705882352941176,True,MUS,毛里求斯
480,2003,33,34,0.9705882352941176,True,MUS,毛里求斯
480,2004,33,34,0.9705882352941176,True,MUS,毛里求斯
480,2005,33,34,0.9705882352941176,True,MUS,毛里求斯
480,2006,33,34,0.9705882352941176,True,MUS,毛里求斯
480,2007,33,34,0.9705882352941176,True,MUS,毛里求斯
480,2008,33,34,0.9705882352941176,True,MUS,毛里求斯
480,2009,33,34,0.9705882352941176,True,MUS,毛里求斯
480,2010,33,34,0.9705882352941176,True,MUS,毛里求斯
480,2011,33,34,0.9705882352941176,True,MUS,毛里求斯
480,2012,33,34,0.9705882352941176,True,MUS,毛里求斯
480,2013,33,34,0.9705882352941176,True,MUS,毛里求斯
480,2014,33,34,0.9705882352941176,True,MUS,毛里求斯
480,2015,33,34,0.9705882352941176,True,MUS,毛里求斯
480,2016,33,34,0.9705882352941176,True,MUS,毛里求斯
480,2017,33,34,0.9705882352941176,True,MUS,毛里求斯
480,2018,33,34,0.9705882352941176,True,MUS,毛里求斯
480,2019,33,34,0.9705882352941176,True,MUS,毛里求斯
480,2020,33,34,0.9705882352941176,True,MUS,毛里求斯
480,2021,33,34,0.9705882352941176,True,MUS,毛里求斯
508,2001,34,34,1.0,True,MOZ,莫桑比克
508,2002,34,34,1.0,True,MOZ,莫桑比克
508,2003,34,34,1.0,True,MOZ,莫桑比克
508,2004,34,34,1.0,True,MOZ,莫桑比克
508,2005,34,34,1.0,True,MOZ,莫桑比克
508,2006,34,34,1.0,True,MOZ,莫桑比克
508,2007,34,34,1.0,True,MOZ,莫桑比克
508,2008,34,34,1.0,True,MOZ,莫桑比克
508,2009,34,34,1.0,True,MOZ,莫桑比克
508,2010,34,34,1.0,True,MOZ,莫桑比克
508,2011,34,34,1.0,True,MOZ,莫桑比克
508,2012,34,34,1.0,True,MOZ,莫桑比克
508,2013,34,34,1.0,True,MOZ,莫桑比克
508,2014,34,34,1.0,True,MOZ,莫桑比克
508,2015,34,34,1.0,True,MOZ,莫桑比克
508,2016,34,34,1.0,True,MOZ,莫桑比克
508,2017,34,34,1.0,True,MOZ,莫桑比克
508,2018,34,34,1.0,True,MOZ,莫桑比克
508,2019,34,34,1.0,True,MOZ,莫桑比克
508,2020,34,34,1.0,True,MOZ,莫桑比克
508,2021,34,34,1.0,True,MOZ,莫桑比克
516,2001,34,34,1.0,True,NAM,纳米比亚
516,2002,34,34,1.0,True,NAM,纳米比亚
516,2003,34,34,1.0,True,NAM,纳米比亚
516,2004,34,34,1.0,True,NAM,纳米比亚
516,2005,34,34,1.0,True,NAM,纳米比亚
516,2006,34,34,1.0,True,NAM,纳米比亚
516,2007,34,34,1.0,True,NAM,纳米比亚
516,2008,34,34,1.0,True,NAM,纳米比亚
516,2009,34,34,1.0,True,NAM,纳米比亚
516,2010,34,34,1.0,True,NAM,纳米比亚
516,2011,34,34,1.0,True,NAM,纳米比亚
516,2012,34,34,1.0,True,NAM,纳米比亚
516,2013,34,34,1.0,True,NAM,纳米比亚
516,2014,34,34,1.0,True,NAM,纳米比亚
516,2015,34,34,1.0,True,NAM,纳米比亚
516,2016,34,34,1.0,True,NAM,纳米比亚
516,2017,34,34,1.0,True,NAM,纳米比亚
516,2018,34,34,1.0,True,NAM,纳米比亚
516,2019,34,34,1.0,True,NAM,纳米比亚
516,2020,34,34,1.0,True,NAM,纳米比亚
516,2021,34,34,1.0,True,NAM,纳米比亚
562,2001,34,34,1.0,True,NER,尼日尔
562,2002,34,34,1.0,True,NER,尼日尔
562,2003,34,34,1.0,True,NER,尼日尔
562,2004,34,34,1.0,True,NER,尼日尔
562,2005,34,34,1.0,True,NER,尼日尔
562,2006,34,34,1.0,True,NER,尼日尔
562,2007,34,34,1.0,True,NER,尼日尔
562,2008,34,34,1.0,True,NER,尼日尔
562,2009,34,34,1.0,True,NER,尼日尔
562,2010,34,34,1.0,True,NER,尼日尔
562,2011,34,34,1.0,True,NER,尼日尔
562,2012,34,34,1.0,True,NER,尼日尔
562,2013,34,34,1.0,True,NER,尼日尔
562,2014,34,34,1.0,True,NER,尼日尔
562,2015,34,34,1.0,True,NER,尼日尔
562,2016,34,34,1.0,True,NER,尼日尔
562,2017,34,34,1.0,True,NER,尼日尔
562,2018,34,34,1.0,True,NER,尼日尔
562,2019,34,34,1.0,True,NER,尼日尔
562,2020,34,34,1.0,True,NER,尼日尔
562,2021,34,34,1.0,True,NER,尼日尔
566,2001,34,34,1.0,True,NGA,尼日利亚
566,2002,34,34,1.0,True,NGA,尼日利亚
566,2003,34,34,1.0,True,NGA,尼日利亚
566,2004,34,34,1.0,True,NGA,尼日利亚
566,2005,34,34,1.0,True,NGA,尼日利亚
566,2006,34,34,1.0,True,NGA,尼日利亚
566,2007,34,34,1.0,True,NGA,尼日利亚
566,2008,34,34,1.0,True,NGA,尼日利亚
566,2009,34,34,1.0,True,NGA,尼日利亚
566,2010,34,34,1.0,True,NGA,尼日利亚
566,2011,34,34,1.0,True,NGA,尼日利亚
566,2012,34,34,1.0,True,NGA,尼日利亚
566,2013,34,34,1.0,True,NGA,尼日利亚
566,2014,34,34,1.0,True,NGA,尼日利亚
566,2015,34,34,1.0,True,NGA,尼日利亚
566,2016,34,34,1.0,True,NGA,尼日利亚
566,2017,34,34,1.0,True,NGA,尼日利亚
566,2018,34,34,1.0,True,NGA,尼日利亚
566,2019,34,34,1.0,True,NGA,尼日利亚
566,2020,34,34,1.0,True,NGA,尼日利亚
566,2021,34,34,1.0,True,NGA,尼日利亚
624,2001,34,34,1.0,True,GNB,几内亚（比绍）
624,2002,34,34,1.0,True,GNB,几内亚（比绍）
624,2003,34,34,1.0,True,GNB,几内亚（比绍）
624,2004,34,34,1.0,True,GNB,几内亚（比绍）
624,2005,34,34,1.0,True,GNB,几内亚（比绍）
624,2006,34,34,1.0,True,GNB,几内亚（比绍）
624,2007,34,34,1.0,True,GNB,几内亚（比绍）
624,2008,34,34,1.0,True,GNB,几内亚（比绍）
624,2009,34,34,1.0,True,GNB,几内亚（比绍）
624,2010,34,34,1.0,True,GNB,几内亚（比绍）
624,2011,34,34,1.0,True,GNB,几内亚（比绍）
624,2012,34,34,1.0,True,GNB,几内亚（比绍）
624,2013,34,34,1.0,True,GNB,几内亚（比绍）
624,2014,34,34,1.0,True,GNB,几内亚（比绍）
624,2015,34,34,1.0,True,GNB,几内亚（比绍）
624,2016,34,34,1.0,True,GNB,几内亚（比绍）
624,2017,34,34,1.0,True,GNB,几内亚（比绍）
624,2018,34,34,1.0,True,GNB,几内亚（比绍）
624,2019,34,34,1.0,True,GNB,几内亚（比绍）
624,2020,34,34,1.0,True,GNB,几内亚（比绍）
624,2021,34,34,1.0,True,GNB,几内亚（比绍）
646,2001,34,34,1.0,True,RWA,卢旺达
646,2002,34,34,1.0,True,RWA,卢旺达
646,2003,34,34,1.0,True,RWA,卢旺达
646,2004,34,34,1.0,True,RWA,卢旺达
646,2005,34,34,1.0,True,RWA,卢旺达
646,2006,34,34,1.0,True,RWA,卢旺达
646,2007,34,34,1.0,True,RWA,卢旺达
646,2008,34,34,1.0,True,RWA,卢旺达
646,2009,34,34,1.0,True,RWA,卢旺达
646,2010,34,34,1.0,True,RWA,卢旺达
646,2011,34,34,1.0,True,RWA,卢旺达
646,2012,34,34,1.0,True,RWA,卢旺达
646,2013,34,34,1.0,True,RWA,卢旺达
646,2014,34,34,1.0,True,RWA,卢旺达
646,2015,34,34,1.0,True,RWA,卢旺达
646,2016,34,34,1.0,True,RWA,卢旺达
646,2017,34,34,1.0,True,RWA,卢旺达
646,2018,34,34,1.0,True,RWA,卢旺达
646,2019,34,34,1.0,True,RWA,卢旺达
646,2020,34,34,1.0,True,RWA,卢旺达
646,2021,34,34,1.0,True,RWA,卢旺达
678,2001,33,34,0.9705882352941176,True,STP,圣多美和普林西比
678,2002,33,34,0.9705882352941176,True,STP,圣多美和普林西比
678,2003,33,34,0.9705882352941176,True,STP,圣多美和普林西比
678,2004,33,34,0.9705882352941176,True,STP,圣多美和普林西比
678,2005,33,34,0.9705882352941176,True,STP,圣多美和普林西比
678,2006,33,34,0.9705882352941176,True,STP,圣多美和普林西比
678,2007,33,34,0.9705882352941176,True,STP,圣多美和普林西比
678,2008,33,34,0.9705882352941176,True,STP,圣多美和普林西比
678,2009,33,34,0.9705882352941176,True,STP,圣多美和普林西比
678,2010,33,34,0.9705882352941176,True,STP,圣多美和普林西比
678,2011,33,34,0.9705882352941176,True,STP,圣多美和普林西比
678,2012,33,34,0.9705882352941176,True,STP,圣多美和普林西比
678,2013,33,34,0.9705882352941176,True,STP,圣多美和普林西比
678,2014,33,34,0.9705882352941176,True,STP,圣多美和普林西比
678,2015,33,34,0.9705882352941176,True,STP,圣多美和普林西比
678,2016,33,34,0.9705882352941176,True,STP,圣多美和普林西比
678,2017,33,34,0.9705882352941176,True,STP,圣多美和普林西比
678,2018,33,34,0.9705882352941176,True,STP,圣多美和普林西比
678,2019,33,34,0.9705882352941176,True,STP,圣多美和普林西比
678,2020,33,34,0.9705882352941176,True,STP,圣多美和普林西比
678,2021,33,34,0.9705882352941176,True,STP,圣多美和普林西比
686,2001,34,34,1.0,True,SEN,塞内加尔
686,2002,34,34,1.0,True,SEN,塞内加尔
686,2003,34,34,1.0,True,SEN,塞内加尔
686,2004,34,34,1.0,True,SEN,塞内加尔
686,2005,34,34,1.0,True,SEN,塞内加尔
686,2006,34,34,1.0,True,SEN,塞内加尔
686,2007,34,34,1.0,True,SEN,塞内加尔
686,2008,34,34,1.0,True,SEN,塞内加尔
686,2009,34,34,1.0,True,SEN,塞内加尔
686,2010,34,34,1.0,True,SEN,塞内加尔
686,2011,34,34,1.0,True,SEN,塞内加尔
686,2012,34,34,1.0,True,SEN,塞内加尔
686,2013,34,34,1.0,True,SEN,塞内加尔
686,2014,34,34,1.0,True,SEN,塞内加尔
686,2015,34,34,1.0,True,SEN,塞内加尔
686,2016,34,34,1.0,True,SEN,塞内加尔
686,2017,34,34,1.0,True,SEN,塞内加尔
686,2018,34,34,1.0,True,SEN,塞内加尔
686,2019,34,34,1.0,True,SEN,塞内加尔
686,2020,34,34,1.0,True,SEN,塞内加尔
686,2021,34,34,1.0,True,SEN,塞内加尔
690,2001,29,34,0.8529411764705882,True,SYC,塞舌尔
690,2002,29,34,0.8529411764705882,True,SYC,塞舌尔
690,2003,29,34,0.8529411764705882,True,SYC,塞舌尔
690,2004,29,34,0.8529411764705882,True,SYC,塞舌尔
690,2005,29,34,0.8529411764705882,True,SYC,塞舌尔
690,2006,29,34,0.8529411764705882,True,SYC,塞舌尔
690,2007,29,34,0.8529411764705882,True,SYC,塞舌尔
690,2008,29,34,0.8529411764705882,True,SYC,塞舌尔
690,2009,29,34,0.8529411764705882,True,SYC,塞舌尔
690,2010,29,34,0.8529411764705882,True,SYC,塞舌尔
690,2011,29,34,0.8529411764705882,True,SYC,塞舌尔
690,2012,29,34,0.8529411764705882,True,SYC,塞舌尔
690,2013,29,34,0.8529411764705882,True,SYC,塞舌尔
690,2014,29,34,0.8529411764705882,True,SYC,塞舌尔
690,2015,29,34,0.8529411764705882,True,SYC,塞舌尔
690,2016,29,34,0.8529411764705882,True,SYC,塞舌尔
690,2017,29,34,0.8529411764705882,True,SYC,塞舌尔
690,2018,29,34,0.8529411764705882,True,SYC,塞舌尔
690,2019,29,34,0.8529411764705882,True,SYC,塞舌尔
690,2020,29,34,0.8529411764705882,True,SYC,塞舌尔
690,2021,29,34,0.8529411764705882,True,SYC,塞舌尔
694,2001,34,34,1.0,True,SLE,塞拉利昂
694,2002,34,34,1.0,True,SLE,塞拉利昂
694,2003,34,34,1.0,True,SLE,塞拉利昂
694,2004,34,34,1.0,True,SLE,塞拉利昂
694,2005,34,34,1.0,True,SLE,塞拉利昂
694,2006,34,34,1.0,True,SLE,塞拉利昂
694,2007,34,34,1.0,True,SLE,塞拉利昂
694,2008,34,34,1.0,True,SLE,塞拉利昂
694,2009,34,34,1.0,True,SLE,塞拉利昂
694,2010,34,34,1.0,True,SLE,塞拉利昂
694,2011,34,34,1.0,True,SLE,塞拉利昂
694,2012,34,34,1.0,True,SLE,塞拉利昂
694,2013,34,34,1.0,True,SLE,塞拉利昂
694,2014,34,34,1.0,True,SLE,塞拉利昂
694,2015,34,34,1.0,True,SLE,塞拉利昂
694,2016,34,34,1.0,True,SLE,塞拉利昂
694,2017,34,34,1.0,True,SLE,塞拉利昂
694,2018,34,34,1.0,True,SLE,塞拉利昂
694,2019,34,34,1.0,True,SLE,塞拉利昂
694,2020,34,34,1.0,True,SLE,塞拉利昂
694,2021,34,34,1.0,True,SLE,塞拉利昂
710,2001,34,34,1.0,True,ZAF,南非
710,2002,34,34,1.0,True,ZAF,南非
710,2003,34,34,1.0,True,ZAF,南非
710,2004,34,34,1.0,True,ZAF,南非
710,2005,34,34,1.0,True,ZAF,南非
710,2006,34,34,1.0,True,ZAF,南非
710,2007,34,34,1.0,True,ZAF,南非
710,2008,34,34,1.0,True,ZAF,南非
710,2009,34,34,1.0,True,ZAF,南非
710,2010,34,34,1.0,True,ZAF,南非
710,2011,34,34,1.0,True,ZAF,南非
710,2012,34,34,1.0,True,ZAF,南非
710,2013,34,34,1.0,True,ZAF,南非
710,2014,34,34,1.0,True,ZAF,南非
710,2015,34,34,1.0,True,ZAF,南非
710,2016,34,34,1.0,True,ZAF,南非
710,2017,34,34,1.0,True,ZAF,南非
710,2018,34,34,1.0,True,ZAF,南非
710,2019,34,34,1.0,True,ZAF,南非
710,2020,34,34,1.0,True,ZAF,南非
710,2021,34,34,1.0,True,ZAF,南非
716,2001,34,34,1.0,True,ZWE,津巴布韦
716,2002,34,34,1.0,True,ZWE,津巴布韦
716,2003,34,34,1.0,True,ZWE,津巴布韦
716,2004,34,34,1.0,True,ZWE,津巴布韦
716,2005,34,34,1.0,True,ZWE,津巴布韦
716,2006,34,34,1.0,True,ZWE,津巴布韦
716,2007,34,34,1.0,True,ZWE,津巴布韦
716,2008,34,34,1.0,True,ZWE,津巴布韦
716,2009,34,34,1.0,True,ZWE,津巴布韦
716,2010,34,34,1.0,True,ZWE,津巴布韦
716,2011,34,34,1.0,True,ZWE,津巴布韦
716,2012,34,34,1.0,True,ZWE,津巴布韦
716,2013,34,34,1.0,True,ZWE,津巴布韦
716,2014,34,34,1.0,True,ZWE,津巴布韦
716,2015,34,34,1.0,True,ZWE,津巴布韦
716,2016,34,34,1.0,True,ZWE,津巴布韦
716,2017,34,34,1.0,True,ZWE,津巴布韦
716,2018,34,34,1.0,True,ZWE,津巴布韦
716,2019,34,34,1.0,True,ZWE,津巴布韦
716,2020,34,34,1.0,True,ZWE,津巴布韦
716,2021,34,34,1.0,True,ZWE,津巴布韦
748,2001,34,34,1.0,True,SWZ,斯威士兰
748,2002,34,34,1.0,True,SWZ,斯威士兰
748,2003,34,34,1.0,True,SWZ,斯威士兰
748,2004,34,34,1.0,True,SWZ,斯威士兰
748,2005,34,34,1.0,True,SWZ,斯威士兰
748,2006,34,34,1.0,True,SWZ,斯威士兰
748,2007,34,34,1.0,True,SWZ,斯威士兰
748,2008,34,34,1.0,True,SWZ,斯威士兰
748,2009,34,34,1.0,True,SWZ,斯威士兰
748,2010,34,34,1.0,True,SWZ,斯威士兰
748,2011,34,34,1.0,True,SWZ,斯威士兰
748,2012,34,34,1.0,True,SWZ,斯威士兰
748,2013,34,34,1.0,True,SWZ,斯威士兰
748,2014,34,34,1.0,True,SWZ,斯威士兰
748,2015,34,34,1.0,True,SWZ,斯威士兰
748,2016,34,34,1.0,True,SWZ,斯威士兰
748,2017,34,34,1.0,True,SWZ,斯威士兰
748,2018,34,34,1.0,True,SWZ,斯威士兰
748,2019,34,34,1.0,True,SWZ,斯威士兰
748,2020,34,34,1.0,True,SWZ,斯威士兰
748,2021,34,34,1.0,True,SWZ,斯威士兰
768,2001,34,34,1.0,True,TGO,多哥
768,2002,34,34,1.0,True,TGO,多哥
768,2003,34,34,1.0,True,TGO,多哥
768,2004,34,34,1.0,True,TGO,多哥
768,2005,34,34,1.0,True,TGO,多哥
768,2006,34,34,1.0,True,TGO,多哥
768,2007,34,34,1.0,True,TGO,多哥
768,2008,34,34,1.0,True,TGO,多哥
768,2009,34,34,1.0,True,TGO,多哥
768,2010,34,34,1.0,True,TGO,多哥
768,2011,34,34,1.0,True,TGO,多哥
768,2012,34,34,1.0,True,TGO,多哥
768,2013,34,34,1.0,True,TGO,多哥
768,2014,34,34,1.0,True,TGO,多哥
768,2015,34,34,1.0,True,TGO,多哥
768,2016,34,34,1.0,True,TGO,多哥
768,2017,34,34,1.0,True,TGO,多哥
768,2018,34,34,1.0,True,TGO,多哥
768,2019,34,34,1.0,True,TGO,多哥
768,2020,34,34,1.0,True,TGO,多哥
768,2021,34,34,1.0,True,TGO,多哥
800,2001,34,34,1.0,True,UGA,乌干达
800,2002,34,34,1.0,True,UGA,乌干达
800,2003,34,34,1.0,True,UGA,乌干达
800,2004,34,34,1.0,True,UGA,乌干达
800,2005,34,34,1.0,True,UGA,乌干达
800,2006,34,34,1.0,True,UGA,乌干达
800,2007,34,34,1.0,True,UGA,乌干达
800,2008,34,34,1.0,True,UGA,乌干达
800,2009,34,34,1.0,True,UGA,乌干达
800,2010,34,34,1.0,True,UGA,乌干达
800,2011,34,34,1.0,True,UGA,乌干达
800,2012,34,34,1.0,True,UGA,乌干达
800,2013,34,34,1.0,True,UGA,乌干达
800,2014,34,34,1.0,True,UGA,乌干达
800,2015,34,34,1.0,True,UGA,乌干达
800,2016,34,34,1.0,True,UGA,乌干达
800,2017,34,34,1.0,True,UGA,乌干达
800,2018,34,34,1.0,True,UGA,乌干达
800,2019,34,34,1.0,True,UGA,乌干达
800,2020,34,34,1.0,True,UGA,乌干达
800,2021,34,34,1.0,True,UGA,乌干达
834,2001,34,34,1.0,True,TZA,坦桑尼亚
834,2002,34,34,1.0,True,TZA,坦桑尼亚
834,2003,34,34,1.0,True,TZA,坦桑尼亚
834,2004,34,34,1.0,True,TZA,坦桑尼亚
834,2005,34,34,1.0,True,TZA,坦桑尼亚
834,2006,34,34,1.0,True,TZA,坦桑尼亚
834,2007,34,34,1.0,True,TZA,坦桑尼亚
834,2008,34,34,1.0,True,TZA,坦桑尼亚
834,2009,34,34,1.0,True,TZA,坦桑尼亚
834,2010,34,34,1.0,True,TZA,坦桑尼亚
834,2011,34,34,1.0,True,TZA,坦桑尼亚
834,2012,34,34,1.0,True,TZA,坦桑尼亚
834,2013,34,34,1.0,True,TZA,坦桑尼亚
834,2014,34,34,1.0,True,TZA,坦桑尼亚
834,2015,34,34,1.0,True,TZA,坦桑尼亚
834,2016,34,34,1.0,True,TZA,坦桑尼亚
834,2017,34,34,1.0,True,TZA,坦桑尼亚
834,2018,34,34,1.0,True,TZA,坦桑尼亚
834,2019,34,34,1.0,True,TZA,坦桑尼亚
834,2020,34,34,1.0,True,TZA,坦桑尼亚
834,2021,34,34,1.0,True,TZA,坦桑尼亚
854,2001,34,34,1.0,True,BFA,布基纳法索
854,2002,34,34,1.0,True,BFA,布基纳法索
854,2003,34,34,1.0,True,BFA,布基纳法索
854,2004,34,34,1.0,True,BFA,布基纳法索
854,2005,34,34,1.0,True,BFA,布基纳法索
854,2006,34,34,1.0,True,BFA,布基纳法索
854,2007,34,34,1.0,True,BFA,布基纳法索
854,2008,34,34,1.0,True,BFA,布基纳法索
854,2009,34,34,1.0,True,BFA,布基纳法索
854,2010,34,34,1.0,True,BFA,布基纳法索
854,2011,34,34,1.0,True,BFA,布基纳法索
854,2012,34,34,1.0,True,BFA,布基纳法索
854,2013,34,34,1.0,True,BFA,布基纳法索
854,2014,34,34,1.0,True,BFA,布基纳法索
854,2015,34,34,1.0,True,BFA,布基纳法索
854,2016,34,34,1.0,True,BFA,布基纳法索
854,2017,34,34,1.0,True,BFA,布基纳法索
854,2018,34,34,1.0,True,BFA,布基纳法索
854,2019,34,34,1.0,True,BFA,布基纳法索
854,2020,34,34,1.0,True,BFA,布基纳法索
854,2021,34,34,1.0,True,BFA,布基纳法索
894,2001,34,34,1.0,True,ZMB,赞比亚
894,2002,34,34,1.0,True,ZMB,赞比亚
894,2003,34,34,1.0,True,ZMB,赞比亚
894,2004,34,34,1.0,True,ZMB,赞比亚
894,2005,34,34,1.0,True,ZMB,赞比亚
894,2006,34,34,1.0,True,ZMB,赞比亚
894,2007,34,34,1.0,True,ZMB,赞比亚
894,2008,34,34,1.0,True,ZMB,赞比亚
894,2009,34,34,1.0,True,ZMB,赞比亚
894,2010,34,34,1.0,True,ZMB,赞比亚
894,2011,34,34,1.0,True,ZMB,赞比亚
894,2012,34,34,1.0,True,ZMB,赞比亚
894,2013,34,34,1.0,True,ZMB,赞比亚
894,2014,34,34,1.0,True,ZMB,赞比亚
894,2015,34,34,1.0,True,ZMB,赞比亚
894,2016,34,34,1.0,True,ZMB,赞比亚
894,2017,34,34,1.0,True,ZMB,赞比亚
894,2018,34,34,1.0,True,ZMB,赞比亚
894,2019,34,34,1.0,True,ZMB,赞比亚
894,2020,34,34,1.0,True,ZMB,赞比亚
894,2021,34,34,1.0,True,ZMB,赞比亚
