Indicator,SYC,NAM,GAB,BWA,MUS,ZAF,SEN,GHA,CPV,GIN,GNB,COM,STP,CIV,COG,SWZ,GNQ,DJI,GMB,TZA,KEN,BEN,ZMB,AGO,BFA,CMR,ZWE,SLE,TGO,MOZ,RWA,MWI,LSO,ETH,NGA,MLI,MDG,NER,UGA,CAF,TCD,ERI,LBR,BDI,COD
GDP per capita growth,0.023345658341560105,0.016691650664039825,-0.003636258790170932,0.1338081146781217,0.009364908763526691,0.015928632343643778,0.022892056037000674,0.019665486874345273,0.06599062855118021,0.007325534419759916,0.001586350685267801,-0.03630231416359003,-0.017581745568686857,0.10197798833894839,-0.014802645015714655,0.02839647048541316,-0.60850617006187,,-0.0020138973282097794,-0.022169185035927796,0.05540247354150024,0.024970287585752926,0.012279965546720895,-0.020691990539680905,0.01133960737087425,-0.010976787829973689,0.06494475237358999,0.16912435410722376,0.04950778185114091,-0.12184916190804662,0.010317650418096791,0.10134517087847322,-0.029098366091444006,-0.0245352091503121,-0.04516304399441301,-0.13748677153680278,-0.00793631670558731,-0.06031705065283749,-0.0195054127522733,-0.03193625945146161,-0.12276838045432459,-0.05470441411599247,0.03165059055340225,0.010351033930927844,0.09094859178530401
Merchandise exports,-0.011066637585782496,0.019189108112647568,-0.06946135203009346,-0.047755811174098606,-0.1392820975481823,0.06096800228327348,0.02710024653403799,-0.10689518117304059,0.007403091308136024,0.3282178276535418,0.0035244749619559035,-0.01466333042864644,0.00042437843408768897,-0.018704055639402306,-0.17713337985994815,-0.21053982983703562,-0.6776692370345141,0.8329688221837175,0.002555910516875694,0.021520432605580828,-0.06867423903293322,0.0806783220934791,0.1998416013370639,-0.23133780441693974,0.14453334955370162,-0.049518000205953164,-0.02470192305092421,0.06212759482957238,-0.014236218795540309,0.17734127982972728,0.0732834244555542,-0.07503499937549248,0.03767848330356427,-0.01479101166496457,-0.1307334034121834,0.027517646974187904,0.015120041479285196,-0.023155101012187512,0.016004465017666912,-0.07194500948439997,0.03898954031751588,0.07587717215634268,0.08503051765551312,0.002301855148780379,0.18962648983384683
Inflation,0.005813788975026046,0.016501606181997586,-0.03442117442955894,-0.00011727384901694116,0.005570365255126997,0.0023756058677794067,0.009467440120867199,0.03875944325693459,0.006494255080446987,-0.017464860648801928,0.0019304950215206507,0.010637738971130961,0.0034475137058557204,0.005027290000967577,-0.019317038050583824,0.014007666984716227,-0.010183304221153655,,-0.009517026824100494,0.003654911737556943,-0.004706095406730171,0.000599964087833027,0.0003216565467946131,0.12065211873426374,0.006568074539340718,-0.0007708261281200723,-0.185406419490875,0.274058215304431,-0.005001024157442302,0.017460823476299736,-0.004356588588596444,0.029812999798747963,0.014248652621105418,-0.02731873190333911,-0.004369572650162357,0.0007834535976036783,0.002811319603408191,0.0032320380559407447,0.003394984409715529,-0.0047098507777624254,0.008983721877619866,0.025724394517621985,-0.00790869179216247,0.006159903465060124,0.07725262335029748
Agriculture value added per worker,,-0.0172958690994425,0.06782616545043582,-0.06509556879000167,0.23561112098036002,0.16674573060142123,0.02738213714437042,0.062328362430266196,0.06379869838719529,0.022336550578314626,0.004097954550017269,0.033921514540347045,-0.02304338135921688,0.01390782688928887,0.00850527822035426,0.05175775838389032,-0.0032947626868707006,,-0.02726912699280481,0.005861288361375939,0.0016999291731454418,0.008571049578350417,-0.005789307568758092,-0.02397988157275517,0.003538030160559367,0.016267018791608915,-0.01843850054421093,0.03674310264297124,0.00798631049852136,0.0057363838568822555,0.015588488809087715,0.003140256521914165,0.0024395867509049525,0.012843976486833716,0.05716695457773076,0.0006401238316538216,-0.003107759835588961,0.004528450013992558,-0.0076017115820092886,-0.01574912981741384,0.013766911558386063,,0.00613243625310041,-0.005224014197284895,0.000683763263786229
Industry value added per worker,,-0.012436485628694247,-0.4194186625972738,0.012786734781142589,0.036514971088268657,0.016933281103854017,-0.007225379841100148,0.032306649948829216,7.990051779989404e-06,-0.012660275793723502,0.0005188731982461682,-0.007375246226849516,0.0032296704132705398,0.020485680705095207,-0.00697957831677784,0.06477439989529818,-0.7430675757962824,,0.0031831176606212,0.01588617867138889,0.004326221684956992,0.0007113407518012571,-0.011359196187223752,0.013602242942979181,0.0018632683107887233,-7.239483097233948e-05,-0.004257291417841359,0.003424536720108,-0.0068933921924211146,0.001985812229011792,0.0013278821905690283,0.006801262790143525,-0.002772034323897197,0.020439693863395777,-0.025493527883235508,0.012578227749529498,-0.0019437662023949675,0.000910104543900679,0.02140799795606164,-0.0009723251824171513,-0.0457070644455604,,0.007982889681684313,-0.00677420692661809,0.01633391329408287
Services value added per worker,,0.07822173097467239,0.04103870414735533,0.2581827953535785,0.20355778869502567,0.1663850023083251,0.010411552675177294,0.026932596215655233,0.0535439131713315,0.00546173382673118,0.012724579177494894,-0.1790316095613218,0.0759113908810683,0.03293672340011672,-0.02317090960280241,0.14245385788398787,-0.0340130876891489,,-0.001786658451560369,0.026261281180340636,0.07703606011902689,0.019059127088399047,-0.022367157016925487,0.1717306120255996,0.008029390310271403,-0.0055869397131246,0.05853475034893951,-0.007849781738273887,0.01684400828108322,0.03536282919005602,0.06890353967024392,0.0370877139329522,0.07915638108876127,0.048433745509336545,0.08467164228561945,-0.031757030545452994,-0.054247396647390284,0.019237888732086567,0.01075927995759246,0.012468254652847219,-0.04256302216741531,,0.01831015510526477,-0.0533813758169574,0.017568873285765202
Current account balance,0.13804081884793457,-0.003432618906061946,-0.03493376820416383,-0.14093504608627705,-0.20996037429097136,0.0393426063531761,-0.09295023872537722,0.058378795415799045,-0.025884455028821418,0.3199217598333224,0.02188570689905056,0.053492453436797316,0.19413415372703607,-0.09309900399480753,0.14075276173702567,0.022447318960704732,,-0.2086250813452898,-0.024212152284891042,0.008891543535113455,-0.023840741813142774,-0.023565072408781917,0.33425710241027207,0.29702356339698355,0.12174355826862415,-0.009085682426279718,0.3291828784967466,-0.016477958887299526,0.05583032160519419,-0.1531080647277736,-0.0742847228824175,-0.14635558766546908,-0.12953295867681114,0.004513838089384881,-0.04362695097930824,0.012732020293570678,-0.027431333506313327,-0.11517078847113249,-0.04093987843296909,,,,0.30832588693314605,-0.07986655135446774,0.019229138559617054
Women in parliament,-0.010265982443955102,0.29366632801090875,0.10736054913906651,-0.09547279775932371,0.21815212939262138,0.255901216528159,0.4025898387246198,0.08468269029558148,0.42418469606665926,0.21102581200889178,0.08982734745355289,0.281006940275434,0.22211853179491348,0.0863257270460773,-0.011326574069390888,0.09944426888707478,0.2748716830292055,0.3993862060520781,0.10047893643257441,0.2228429993467445,0.2755192238923372,0.03679674471278009,0.0753401702701805,0.2151773277626971,-0.027623008514315192,0.4326683899635594,0.3336919608507977,0.05465009674688798,0.2098652488586028,0.1893560483090082,0.5432430221369553,0.20753181312999222,0.2983253380769127,0.5330982107203921,0.002936663275527898,0.2294847074841848,0.1508861482697252,0.37716663337471357,0.13960270095657562,0.08425875827958512,0.4559520248115004,0.12554080956036828,0.04804763295587272,0.3635117299595917,0.05863119596319982
Undernourishment prevalence,0.003401360544217691,-0.04608294930875578,-0.1643625192012289,0.07987711213517668,-0.027649769585253448,-0.08909370199692779,0.24423963133640558,0.14132104454685102,0.06298003072196623,0.11674347158218124,-0.05990783410138245,0.13978494623655902,-0.007680491551459223,0.1413210445468509,-0.01382488479262678,-0.027649769585253337,,0.43932411674347166,-0.030721966205837115,0.15975422427035324,0.003072196620583778,0.027649769585253448,0.2242703533026113,0.6943164362519202,0.12442396313364057,0.2872503840245776,0.12288786482334868,0.3640552995391706,0.2319508448540707,0.2089093701996928,0.10138248847926268,0.043010752688172116,,0.391705069124424,-0.13671274961597546,0.10599078341013823,-0.09984639016897079,0.17972350230414758,-0.06758832565284179,0.10291858678955451,0.0660522273425499,,-0.043010752688172116,,-0.1505376344086023
Life expectancy growth,-0.019379230325000302,-0.011036050275922027,-0.0009640132468131946,-0.021759071895497806,-0.002800531626959507,-0.009481978507161398,-0.006453637523408801,-0.0016879317950246053,-0.00015581579526210976,-0.0015032612341519813,-0.001590993798819107,-0.006685032306976396,-0.001411285521852823,0.0006247802255198165,-0.004263628137321479,-0.00012322706901421454,-0.0010910708969295024,-0.006674761509332022,-0.005379884856175909,-0.008997962315974606,-0.004637521193043809,-0.0034815324983313023,-0.011575351579245108,-0.004797421891648307,-0.004902737797655987,-0.004629707282263806,0.003483122217544099,-0.0014518185435370146,8.867835615650188e-05,-0.011751091646472006,-0.012727952863562486,-0.010017676879284038,0.005738603069939702,-0.0070490491485283024,-0.0004808586597481179,-0.0032219764962488906,-0.005204702306486286,-0.006907628773012625,-0.006289808904996086,-0.07118765147240258,-0.002301914697875579,-0.012903005125411315,-0.008921434874760797,-0.009032373841385388,-0.004301546353815716
Population growth,-0.07940364539678157,-0.09554588233099409,0.03603819380619139,0.0626566999246817,0.08461075636031601,-0.0753495842472931,-0.01255924633156491,0.0778935591874576,0.12669091049453207,-0.13235172343283047,-0.0125027494057397,0.008898506946220797,-0.048327593443256045,0.02228248098768909,0.1526180756423201,-0.025812751186632954,0.4397264107173131,0.19003275306995515,0.03753240025721288,-0.03314827218066191,0.13673183789668125,0.05111922813492159,0.023078347593951998,0.019071996968242688,0.0746233825532604,-0.0031562151697601126,-0.11692250615561406,0.4017029801613201,0.028625265780654663,-0.080969169866626,-0.14428564662662852,-0.019334998128650027,-0.14392057692103077,0.03994095985675172,0.06861671442465461,-0.00590196337515092,0.06245614917503867,0.02816032496013987,-0.017554215548836627,0.05911852021586511,-0.007855046084314199,0.1194433310760234,0.09119083231311137,-0.024181335560807315,-0.007837612237649616
Scientific articles per million people,0.5573031439680308,0.18749801096205965,0.0552355548971797,0.32848538536593175,0.3728292483308192,0.5663009218867228,0.03199521602548133,0.2368809156104667,0.1437070330207874,0.006054289873900431,0.016525093370119127,0.01795610122668433,0.024908965112724182,0.022163456649027073,0.03321838350304758,0.08961669755111515,0.0009291934696262476,0.021068676325267658,0.024798526798346224,0.03943384045852863,0.07908639090392905,0.07373960918564074,0.03517826610079301,0.0021263496645824147,0.03212744781004111,0.12928595998017836,0.04519650697722845,0.028177149763223067,0.022996923523825718,0.016882384709121002,0.0784086586154131,0.03915924237716459,0.04324149642307401,0.1440425325008123,0.11362528004016244,0.008640648887097528,0.00727519579528676,0.0005001026616189,0.0676530421771599,0.004010784149651948,0.0028338146981437677,0.02244577817404227,0.01616344465582809,0.004996017482317716,0.006424753756292446
HIV prevalence,,0.11945392491467588,0.05460750853242313,0.2559726962457338,,-0.12627986348122866,0.013651877133105783,0.030716723549488067,-0.0068259385665528916,0.0,0.058020477815699634,0.0,,0.15017064846416384,0.03754266211604085,-0.030716723549487984,,0.08532423208191131,0.0068259385665528916,0.06484641638225253,0.16040955631399312,0.020477815699658786,0.08532423208191131,-0.010238907849829282,0.04095563139931746,0.09215017064846409,0.4436860068259385,0.0068259385665528916,0.061433447098976135,-0.1023890784982936,0.08191126279863481,0.2525597269624575,0.09215017064846409,0.061433447098976135,0.027303754266211566,0.027303754266211566,-0.010238907849829282,0.017064846416382284,0.0887372013651877,0.15358361774744034,0.04436860068259385,0.058020477815699634,0.05119453924914674,0.07508532423208192,0.04095563139931746
Government health expenditure,-0.005580463606311481,0.11833669692919513,0.0589342364363111,0.19894279764957246,0.26863360559389393,0.4649647135062088,-0.03230759674385422,0.18918553510082103,0.2836238279451409,0.046619560144360715,0.098834403253415,0.06177958933544411,-0.050916196644136935,0.1624532215787398,0.11354556904131702,0.19033298501299872,0.11311143777959376,-0.07281128211903826,0.10162878989038204,-0.021669568072980705,0.17595783896600378,-0.1303577424090494,0.13504173783943596,-0.04361996411510788,0.2645022135865839,-0.04382809527434822,-0.4986920376252505,0.07429337584995976,0.035022799436256254,0.14629860667595512,0.29143608692380296,0.07892773432440152,0.11699113828533814,-0.15581379865210387,-0.047618157834566646,0.04531179951088388,-0.16323332433314827,0.1468164706959525,-0.03050044252964998,-0.038021771413380395,-0.10319085853314472,-0.13606671864915643,0.08706810036372645,0.08000441221396151,0.08148741871510498
Internet users,0.8464292034187412,0.6414828170455945,0.7463167522415668,0.8351606998798207,0.6966678647184898,0.7610221776395224,0.6240557345823192,0.7585603164228999,0.7496569687390103,0.2675905891831569,0.2556518354219315,0.33534283129678455,0.6123177220768465,0.39430670751424973,0.3694530347789716,0.5845984388042763,0.6493458945083839,0.6772444375819592,0.40243525893871035,0.20915972364101348,0.24519336948758308,0.30876161043321737,0.3578416663729518,0.43530261664739184,0.13757633005896427,0.46315933908810464,0.40253444847472786,0.2050956142797493,0.32647375191189926,0.1796320722868131,0.26838985012465827,0.1919277486807746,0.4967855344535396,0.18477087099305795,0.39280895661044857,0.3745181621873893,0.14997524386245026,0.1926212769482606,0.10826181865251899,0.06093859624573101,0.1450842803704444,0.20213400149094873,0.22782638474482125,0.12064547252738689,0.31504459991805434
Mobile cellular subscriptions,0.6125274167109183,0.5655733267148432,0.69756770484612,0.8879949437813128,0.7609118509454436,0.8106711610832774,0.6485917622884585,0.7110689054094613,0.6198255142797774,0.5769868342068201,0.627005748851384,0.6020767437028144,0.4921028328677302,0.8446445639877173,0.5268504836885,0.654504479024773,0.2564724216747858,0.24965629833999028,0.6069910304065753,0.49196211876341966,0.6949438967515525,0.5381724886292798,0.5893679149447048,0.2536136033061667,0.6440234456167894,0.45068668759956587,0.5058006833975942,0.5833345531364718,0.39624114007341904,0.24438467088403015,0.4666834899452819,0.341001437212846,0.44841052339944126,0.3045813306628495,0.5142013540969224,0.6262066238773578,0.3062113626393923,0.3549076801422205,0.3721536259321681,0.20511365525361897,0.3335165943250294,0.310289635906079,0.18102863112691336,0.34168217394315786,0.2712844411608523
Access to electricity,0.048948960510966644,0.16782500746617174,0.12761693276073482,0.4274293158904064,0.0034963543222118476,0.16695091888561875,0.25435977694091666,0.3627467609294859,0.30767918035464836,0.2657229284881053,0.33527277670284483,0.4012066584738169,0.236003916749304,0.18705495623833734,0.1695731846272776,0.4894896051096678,0.016607683030506526,0.08129023799142698,0.2954419402269066,0.2884492315824828,0.520082705429022,0.1756918046911486,0.23163347384653915,0.24649297971593986,0.08303841515253291,0.1678250074661718,0.12936510992184075,0.16607683030506587,0.31554597757962505,0.22551485378266842,0.38459897544331034,0.0786679722497681,0.4291774930515122,0.38459897544331034,0.1363578185662645,0.37236173531556865,0.17743998185225462,0.08915703521640392,0.31991642048239,0.08740885805529777,0.0690529978636853,0.1940476648827611,0.3863898164518094,0.06468255496092032,0.119750135535758
Mineral depletion,0.0,-0.08921590294031134,-0.0008150435997580363,0.010567898174413837,0.0,-0.09353114031764476,-0.10064607661664537,-0.10214510920182573,0.0,0.031917226460828174,0.0,0.0,0.0,-0.08330692937147866,3.1357486726224515e-05,0.0,0.0052548172048221264,0.0,0.0,-0.1169907337464342,0.0005465652318763503,2.70591440922896e-05,-0.9274226360791789,0.0,-0.556636485159978,0.0006020874252601338,-0.11148747218732646,-0.007362104636600364,-0.16648340328056843,-0.004877613742337972,3.1783825899855955e-05,-2.0781265560376738e-05,0.0,-0.0051671555866293906,-0.00029702318991819965,-0.5014117399372631,0.0,-0.027807951194961378,0.0,-0.02445741288198089,0.0,-0.6478611881640742,-0.19737718020336759,0.002964668351692401,-0.9995929591059427
Net forest depletion,-0.000511298943118188,-0.01050637711806135,0.027027280498341133,9.15555742538876e-05,0.00019453278564562915,0.0,0.0,0.12153036288893326,0.0003186070342718894,0.05196005625733113,0.02285944080615443,-0.007406570851272498,0.026343438124530993,0.0,0.07873223876307966,-0.007276824680467087,0.13390642689905108,0.0026519865493760397,-0.006831572802885599,0.0,0.04052824064105143,0.03632287607286844,0.1373930638529377,0.020730712499359316,0.0,-0.009121482132550596,0.03202612997349774,0.0003868017399617507,0.05941431859598012,0.11188587831239571,0.025473582280979512,0.12189472296964299,-0.027398677212475353,0.2649634475690179,0.0,0.014626156787261757,-0.0577048043874272,0.0,0.08957601708718577,0.0,0.07091338673741143,0.1794431219643522,0.06991281760051071,0.10737054344610941,0.15894064749366332
Renewable freshwater per capita,,-0.008996510840343381,-0.44950634682436474,-0.0032158445115599635,-0.0010169118641323513,-0.0017060800870597522,-0.008218453597123159,-0.004562228659423036,-0.0005683531687032217,-0.07978527132656518,-0.03928643587166904,-0.005805718982249779,-0.04054535527509785,-0.01306615342371822,-0.2411135538674184,-0.00258828549543735,-0.1590195571545537,-0.0009704275967049479,-0.006731958784749059,-0.008390515282117981,-0.0021241849149750904,-0.004920406158114338,-0.02939012913960746,-0.03638633167258251,-0.0035844463439613484,-0.061471631190907955,-0.001982441213978613,-0.11455308802163944,-0.007065700468049116,-0.017966076495934617,-0.003477816454938821,-0.004693641275995444,-0.0024087481185587414,-0.006050491209423651,-0.005520086529300163,-0.01884235478549289,-0.06743279127994788,-0.001205266857457441,-0.005808440080564858,-0.0670929545007233,-0.006894280109629617,-0.0029999535508136756,-0.22624080367169802,-0.005919391870096434,-0.06544550974825987
Energy intensity,0.021364009860312283,0.018488085456039416,-0.13516844700082165,0.04560394412489721,0.032456861133935866,0.08545603944124902,0.02095316351684473,0.07271980279375512,0.02958093672966311,0.15488907148726383,0.13352506162695155,-0.06368118323746919,0.028348397699260452,0.02793755135579301,-0.1873459326211997,0.0829909613804437,-0.17584223500410845,0.06737880032867705,-0.00041084634346755244,0.23788003286770754,0.03327855382087108,0.005751848808545512,0.19350862777321287,0.0262941659819228,-0.010271158586688589,0.060394412489728766,-0.0928512736236648,0.2678718159408382,0.07764995891536564,0.5460147904683648,0.14790468364831555,0.09778142974527526,0.11585866885784724,0.5509449465899754,0.1635168447000822,-0.08504519309778136,-0.08915365653245688,0.016844700082169206,0.1372226787181594,-0.058340180772391115,0.10517666392769098,0.03410024650780619,-0.13229252259654894,0.14256368118323737,0.21035332785538208
Water productivity,0.0892870319224416,0.11108227355197128,0.040671414670594916,0.03558777756668535,0.012736646227516621,-0.0008619451719183782,0.002939269029476596,0.032715231230628805,-0.04385617759166755,0.007054688115490549,0.005734612355673028,0.060763008033998284,0.0002218068977522386,0.04476316060748002,0.09258850224079973,0.0025102487192508382,0.31656032923364785,,0.008578798718720412,0.010829140010836218,0.0019183100327011815,0.09333170584157038,0.013784414885051603,0.10848926347614465,0.01585667550683071,0.023168987482709985,-0.0010898308435608444,0.03198379622923853,0.016092758388342687,0.008089712877242455,0.0028744779433266116,0.00647468498138427,0.01966612853507172,0.009916409625003704,0.027133095126794037,0.002588066442344443,0.0004516820312699692,-0.0008069980896419212,0.03821798774739523,0.002593847963761775,0.014769432733543504,-0.002368260119232793,0.007125725317770778,0.008101642872078024,0.05597305667309019
Energy depletion,0.0,0.0,0.1214226973591227,-0.0020951139770749583,0.0,0.0049841285483520625,-1.310379622643243e-05,-0.02377660533358472,0.002266760705453841,0.0,0.0,0.0,0.0,-0.0023657369023879493,0.2721711539093401,3.919674396168915e-08,0.6479586476419059,0.0,0.0,-0.0024195230571965043,0.0,0.0,-0.00018162536124799455,0.1346418632871308,0.0,0.007774584124488615,0.004296411887262375,0.0,0.0,-0.006987086074889071,-1.3603925805738548e-05,0.0007844004747198374,0.0,-5.7287548926865384e-08,0.06531934376491122,0.0,-0.0005445189179101861,-0.002389068045261178,0.0,0.0,-0.11103941832968911,0.0,0.0,0.0,0.009298619180001522
Energy consumption per capita,0.362296909755343,-0.006239556320076001,0.027845561956752585,-0.015945636390474194,-0.06368948326558233,0.05093552608321478,-0.008338395428976186,-0.03154581814510726,-0.0450898029392236,-0.01190208691462813,0.0012002306751440761,-0.02048763734000858,-0.02088651065737457,-0.007823498489026637,-0.04411022302405787,0.018912264053513983,-0.31464355651344644,0.02461538791418061,0.00234188803653379,-0.011293309010004804,-0.006740437947609035,-0.014119235051748169,-0.012379714556591814,-0.009857402695304107,-0.012013525506795908,-0.0043313559313182814,0.031588771212455735,-0.00547958917339697,-0.009838485831908939,-0.016511067622856812,-0.0029734732122621566,0.00018245476557410267,-0.014306238934241988,-0.0070498164835505195,-0.009142618051443896,-0.018722375790766077,-0.0006556948746342384,-0.0033614044687259037,-0.006415088557875759,-0.0001249342150535515,-0.006303267917770139,0.007855840808010828,0.002886524695288162,-0.0017170380938641427,-0.0024811235735247017
Solar/tide/wave/fuel-cell capacity per capita,0.9999999999999999,0.3944750712774372,0.004363904080433387,0.01933979629654533,0.6415718822628357,0.7607954624762716,0.10223499564235497,0.03759038578495078,0.2437692240567146,0.008105188150552634,0.007196688978935096,0.0,0.01114795843319913,0.0018961011456062322,0.0009052776874494047,0.06710963970099745,0.0,0.00239184171429308,0.007704610986952603,0.002240315791240669,0.030275418835479604,0.003322721548797877,0.03643969243836866,0.0003091451232609334,0.020711858942516106,0.007156361650414462,0.01547601332844947,0.01372844365981154,0.05340376060658717,0.01073722878349541,0.01396782950133982,0.02439015176163396,0.001867221093047451,0.00128493340396707,0.002474792322315597,0.029457813487470043,0.006027822906875739,0.0040279345905504145,0.014359512220659386,0.0004883780167235443,0.0008310865743462484,0.05528369022707011,0.003638480981005339,0.005142560658054931,0.001488947644353882
Biomass and waste electricity per capita,0.0,0.0,-0.0014951978554280185,0.0,-0.22559887100844955,0.0002732063834244101,0.00010041043217238858,-0.00016510460586569302,0.0,0.0,0.0,0.0,0.0,0.00541772525078585,0.011286301230993,-0.6382875171694243,0.0,0.0,0.0,0.0003824875803972341,0.00983572187855428,0.0,0.008191346937011458,0.003321514439035198,0.008343619502704416,0.003331673415424792,0.01452154672102957,0.001288175654682817,-0.00016027697260290202,0.007530779977942639,6.065369081085766e-05,-0.006794830976324341,0.0,-0.0011073516753964902,0.00037336501640408367,-0.0027695494516272135,0.0007764675395157724,0.0,0.014058034086705345,0.0,0.001169745295100537,0.0,0.0003965251508899291,0.0009329104186481605,0.0001636199719147443
Forest area share,0.0,-0.018607023505166145,-0.007376982470763793,-0.04503223325424999,-0.011289663833804725,-0.006473263734215778,-0.044064136473960014,-0.03625857505012475,0.016059467917068596,-0.03266008992526381,-0.06477527648502923,-0.0507857444124559,-0.07925910600635067,-0.07658276512063103,-0.007959664748725448,0.015223543041395504,-0.06428242303966503,0.0001271777584550883,-0.12221665318753902,-0.0976860323243538,-0.007364459659645023,-0.09565989073914355,-0.034713596598877516,-0.09604932379275799,-0.039428683902303,-0.028370646646391495,-0.02569156463516281,-0.05896216467232973,-0.011739456164143097,-0.061297718526639566,-0.0034104399001591013,-0.09610470720662279,0.0,-0.03662396604605539,-0.03868152438584549,0.0,-0.010623627493329874,-0.0021152551793196537,-0.04497896984057241,-0.010388721246886334,-0.017726691582934793,-0.025459844548153684,-0.06777466707445035,0.03599736819181398,-0.08646225881691172
Wetland area share,-0.009290593301734429,-0.0012806862242195176,0.0010520160204615034,-0.0010998989314873059,-0.006465018818098762,0.00017111541510773064,0.0018867823097586112,-0.0012822729767711632,0.0012119597075640615,0.0005963125860511606,-0.0633973019858236,-0.0065612541932874476,0.0012719264639279165,0.0003359805753771841,-6.435985152760185e-05,-0.002058746090450758,0.00010882793274248626,0.00021070740386031073,0.03752434437453722,0.007155641751275421,-0.00349172809401134,0.0007363547318660346,0.005128837848599382,0.0023359291183198405,-2.0083049430441244e-05,0.0025947073844322377,-7.733155081190166e-05,0.004212265197247489,0.001324543388800825,0.0010993450736317967,-0.0049742790936263825,0.011377724889883811,-4.0219018622227e-05,-0.0004972941160534712,-0.000982717057145921,0.00040578560214217,0.00452563615603406,0.0008535874701632896,-0.0018578922340816983,0.000719325069458219,9.018233378293994e-05,-0.0026638702879686702,-0.00042467976619519135,-0.001640428523570582,0.0012579170667799955
Grassland area share,0.0009202170149174987,0.03677735058791942,-0.00248144676708624,-0.01122764455276791,0.020885935126439797,-0.0027166993397310657,-0.011431711680097406,-0.0006691130252005906,0.01733113435043082,0.00015676495297266974,0.0097094021453063,0.026840074997162983,-0.011464370310846853,0.0013191513472335797,-0.011878425302544376,0.010004149977873078,-0.00012827267480667389,0.004072297730381119,-0.0022378004680947694,-0.005861111285236892,-0.01183445327470145,-0.004225114891213411,-0.000591056135114551,-0.011633360325547903,-0.005296662855490408,0.004251265951698759,-0.021731251289854106,0.0005483310309171152,-0.0058019860438618814,0.0005512080962215976,0.002161969119765572,-0.0048175722764420975,-0.02629589833536894,-0.023088199097325207,-0.00819484891600672,0.01204638198794511,-0.010102272550095326,-0.0030672278052049917,-0.011042198082238608,0.006234190361583292,-0.008000238984733288,-0.071730645207777,0.003489410948177507,-0.005373666026363799,-0.0010530914728399815
Barren land share,0.0,0.004727338528038194,0.0,0.0004346976659374002,-6.81360875768311e-05,0.00010005191168793726,0.0001538489646490948,-6.880562543809532e-05,0.015596363137793778,-6.860336378200493e-06,-0.0003896583234905826,0.0,0.0,3.4077935071596954e-06,-1.3750920798805133e-05,-0.0009100657854284044,0.0,0.023245424936756857,-0.00014277711927068726,-9.229793402620867e-05,0.00862296282244146,2.8831456241440456e-05,-4.859173674098827e-06,-0.0025188569809795336,-0.00108350229914711,1.7830401883411895e-05,0.0001269917311583768,4.670883499180434e-05,0.0,1.531177089564295e-07,-4.880774378546171e-06,2.8097067100163464e-05,4.7592373090266094e-05,0.012725469172996107,-6.914341946839819e-05,0.02138253879192481,-0.00011796782704098785,0.022546855378916625,-1.1977639227667147e-05,-1.082360175197472e-05,0.012296662389106816,0.13224014163668457,0.0,0.0,-5.635236755130446e-05
CO2 emissions per capita,-0.0630573529325808,-0.009145474843182955,0.016422818227063596,-0.028986599017886805,-0.06980346372882551,0.0841703956607398,-0.014727133481879928,-0.027834032997701597,-0.08099200920363592,-0.011480143486095495,0.009461376052881998,-0.021114614559450184,-0.006610416438332267,-0.009872951963534327,-0.03229190472272214,-0.004126109724544524,-0.23425182909836528,0.13086165287536788,0.00024447872917432445,-0.010224589004666162,-0.0063917706658443985,-0.013202991205545023,-0.011606021240053388,-0.004320591899684811,-0.01011991248036459,-0.0026679192086699333,0.03866987702620894,0.00015206024714553568,-0.00723815415791218,-0.013899959524306005,-0.0003979998616626679,-4.416485419489469e-06,-0.015670652318721223,-0.00553905896261031,-0.005350956740972634,-0.019194601636768893,-0.00044207294538345376,-0.0007807630816234479,-0.005219505936084667,2.2971136587335295e-06,-0.006305606398095409,0.0109822596617698,0.0035550833123049186,0.0001454627907200301,-0.0007484527325760659
Anthropogenic PM2.5,-0.01400206874930654,0.04532942710975929,-0.07179317323774603,0.09353100822484728,0.008962619906637603,-0.02133454385194833,-0.005077337001986093,0.012203714247378983,0.0014536545111432098,0.002316859849593289,0.004812826331016207,-0.007472632350173369,0.023139293587783327,0.0060256734840654635,-0.07739136614483738,0.024367620573144233,-0.08377467495153684,-0.012245901105490953,-0.0029412672142692387,0.08644752282474488,0.04048562564244107,-0.016999368090769185,0.1334265665677497,0.1771464469609006,0.010297568281780523,0.016690711295111127,0.16540031412861317,-0.0007346662411304994,0.017334408891020225,0.11613372032921199,0.12781437492632813,0.163161122167919,-0.012908059126461702,-0.02848666011433587,-0.011526358216606747,0.007764966783335159,0.07624391634931338,-0.0017244882665798933,0.08103665580131042,-0.01408841117786308,-0.0013030689703481535,-0.006272295269323158,0.00614217448221166,0.1466827415568317,0.037062336818494496
Terrestrial biome protection,0.33712440194031,0.45978794575059,0.5325780016211876,0.0,0.013937169532409699,0.06332441733509031,0.031878182876210026,0.005199316295863288,0.01266677279709634,0.6088879833705032,0.2857029523541399,0.9767527663985363,1.0,0.007273755127449988,0.5418512549331744,0.006620619818727691,0.002851753612816643,0.04424008063744033,0.09369392795675532,0.028006329397806673,0.0201489825118934,0.03044203607742324,0.005046933143263321,0.1705455361161354,0.09213871235826676,0.18634745333650327,0.3407029076306267,0.127130864695347,0.43259810050345326,0.16381413578768655,0.013291555921288334,0.10344812924573343,0.0004734036406366382,0.2174258904543866,0.01379993235135335,0.08765533126930959,0.0711396338464226,0.3458715932391039,0.10921971586508328,0.003421801905373445,0.20491799505475666,0.0,0.07296459285130663,0.06547647299968462,0.1785179866985797
Species Protection Index,0.006508749466496003,0.3261843790012803,0.7177763551002988,0.0,0.009603072983354707,0.09250960307298339,0.10243277848911642,0.008322663252240736,0.003947930004268032,0.35776781903542465,0.2258856167306872,0.4622279129321383,0.0,0.011523687580025532,0.7403969270166454,0.026888604353393103,0.10008536064874096,0.07287665386256935,0.11651728553137009,0.20934699103713184,0.02699530516431925,0.04428083653435777,0.02166026461801107,0.12697396500213415,0.36683738796414844,0.21286811779769527,0.13583013230900565,0.23815620998719583,0.2557618437900128,0.2633376013657704,0.015151515151515083,0.028275714895433235,0.0005335040546308152,0.17349551856594103,0.04054630815194202,0.4249893299189073,0.041826717883055864,0.5064020486555697,0.10349978659837822,0.045347844643619295,0.18256508749466505,0.000106700810926163,0.08440034144259492,0.06444728979940251,0.23634229620145114
