dimension_cn,dimension_en,subdimension_cn,subdimension_en,indicator_cn,indicator_en,Variables,direction_cn,direction_en,two_stage_internal_weight,two_stage_global_weight,raw_mean_2001,raw_mean_2021,raw_mean_change_observed,score_mean_2001,score_mean_2021,score_mean_change_observed,score_mean_change_for_index,observed_both_countries,missing_2001_only_countries,missing_2021_only_countries,missing_both_countries,countries_improved_observed,countries_deteriorated_observed,countries_unchanged_observed,pct_observed_countries_improved,raw_increased_observed_countries,raw_decreased_observed_countries,mean_global_contribution_to_sdi,mean_internal_contribution_to_subsystem
社会,Social,基础设施,Infrastructure,通电率,Access to electricity (% of population),Access to electricity (% of population)_x,正向,Positive,0.125297116203721,0.0313242790509302,28.138628376496772,54.03999999999999,25.901371623503227,0.37186795681022,0.5982688883778512,0.22640093156763122,0.22640093156763122,45,0,0,0,45,0,0,1.0,45,0,0.007091845957815034,0.028367383831260178
资源,Resource,能源生产和消费,Energy production and consumption,能源损耗占GNI比,Energy depletion (% of GNI),Adjusted savings: energy depletion (% of GNI),负向,Negative,0.0905104963374614,0.0226276240843653,4.28987416847189,2.145401840222222,-2.1444723282496674,0.9502517456867527,0.9751204832216553,0.024868737534902454,0.024868737534902454,45,0,0,0,12,12,21,0.26666666666666666,12,12,0.0005627204443925179,0.002250881777570077
资源,Resource,自然资源,Natural resources,矿石资源损耗占GNI比,Mineral depletion (% of GNI),Adjusted savings: mineral depletion (% of GNI),负向,Negative,0.0913641547961206,0.0228410386990301,0.1575042926222222,2.5307847220353517,2.3732804294131293,0.9930493478982712,0.8883166683626229,-0.10473267953564833,-0.10473267953564833,45,0,0,0,9,22,14,0.2,22,9,-0.0023922031863268605,-0.009568812745307468
资源,Resource,自然资源,Natural resources,森林资源损耗占GNI比,Net forest depletion (% of GNI),Adjusted savings: net forest depletion (% of GNI),负向,Negative,0.1158508357895279,0.0289627089473819,4.9008708929111116,2.9287067789899,-1.9721641139212116,0.8064021383084946,0.8481946001679811,0.04179246185948664,0.04179246185948664,45,0,0,0,29,8,8,0.6444444444444445,8,29,0.0012104229090308704,0.004841691636123493
经济,Economic,产业发展,Industrial development,每工人农业增加值,"Agriculture, forestry, and fishing value added per worker","Agriculture, forestry, and fishing, value added per worker (constant 2015 US$)_x",正向,Positive,0.1187352909303341,0.0296838227325835,1835.6671112078905,3389.348048748837,736.789659177824,0.039907200911717844,0.07734517038467752,0.017753908220016882,0.01775390822001688,42,1,0,2,30,12,0,0.7142857142857143,30,12,0.0005270038644135381,0.002108015457654154
资源,Resource,能源生产和消费,Energy production and consumption,人均生物质和废弃物发电净发电量,Biomass and waste electricity net generation per capita,Biomass and waste electricity net generation (million metric tons of oil equivalent)_per_capita,正向,Positive,0.1462779728743016,0.0365694932185754,1.733413159760401e-05,1.014513710770376e-05,-7.1889944899002435e-06,0.04204190504832461,0.024605841289636356,-0.017436063758688242,-0.017436063758688242,45,0,0,0,21,8,16,0.4666666666666667,21,8,-0.0006376280153819982,-0.0025505120615279928
生态,Ecological,环境污染,Environmental pollution,人均二氧化碳排放,CO2 emissions per capita,CO2 emissions (metric tons per capita)_x,负向,Negative,0.0839425659762537,0.0209856414940634,0.7826186258011313,0.9270939122620878,0.1444752864609567,0.9460713309765251,0.935872391621221,-0.010198939355303709,-0.010198939355303709,45,0,0,0,11,34,0,0.24444444444444444,34,11,-0.00021403128493009772,-0.000856125139720392
经济,Economic,外部经济联系,External economic linkages,经常账户余额占GDP百分比,Current account balance (% of GDP),"Current account balance, percent of GDP (Percent of GDP)(IMF)",正向,Positive,0.1663209112542276,0.0415802278135569,-5.253531584882482,-3.589207176338746,1.664324408543735,0.6119469241935118,0.6305519777471865,0.018605053553674922,0.018605053553674925,41,0,0,4,19,22,0,0.4634146341463415,19,22,0.0007736023652452296,0.0030944094609809186
社会,Social,教科医卫,"Health, science and education",国内政府卫生支出（占GDP百分比）,Domestic general government health expenditure (% of GDP),Domestic general government health expenditure (% of GDP),正向,Positive,0.1065800581080525,0.0266450145270131,1.5594330166311845,1.9519149559999998,0.3924819393688156,0.2188153311724324,0.27783441303975537,0.05901908186732297,0.05901908186732297,45,0,0,0,29,16,0,0.6444444444444445,29,16,0.0015725642937257957,0.00629025717490319
资源,Resource,能源生产和消费,Energy production and consumption,人均能源消耗,Energy consumption per capita,Energy consumption per capita (million Btu per person),负向,Negative,0.123105858502581,0.0307764646256452,12.350307308388558,13.343539605213842,0.9932322968252852,0.9366618520538332,0.9314205622099837,-0.0052412898438492905,-0.0052412898438492905,45,0,0,0,11,34,0,0.24444444444444444,34,11,-0.00016130837147198109,-0.0006452334858879258
资源,Resource,资源利用效率,Resource-use efficiency,一次能源的能源强度,Energy intensity of primary energy,Energy intensity level of primary energy (MJ/$2021 PPP GDP),负向,Negative,0.1328576561976755,0.0332144140494188,7.600222222222222,5.997999999999999,-1.602222222222222,0.7247238199580023,0.7905505341002462,0.06582671414224414,0.06582671414224414,45,0,0,0,34,11,0,0.7555555555555555,11,34,0.0021863957390332285,0.008745582956132935
生态,Ecological,生态环境,Ecological conditions,森林面积占比,Forest area (% of land area),Forest area (% of land area)_x,正向,Positive,0.1278552618228874,0.0319638154557218,34.89974277364444,31.60856280864444,-3.2911799650000004,0.3738439783656872,0.33834330602519386,-0.03550067234049337,-0.03550067234049337,45,0,0,0,4,38,3,0.08888888888888889,4,38,-0.001134736939245577,-0.004538947756982316
经济,Economic,发展质量,Development quality,人均GDP增长率,GDP per capita growth,GDP per capita growth (annual %)_x,正向,Positive,0.0950588936294862,0.0237647234073715,2.6957960117954545,2.07452384150404,-0.640298878279959,0.43882122617399605,0.4319228189857525,-0.0071096736595796664,-0.0071096736595796664,44,1,0,0,24,20,0,0.5454545454545454,24,20,-0.00016895942803658544,-0.0006758377121463436
生态,Ecological,生态环境,Ecological conditions,草原面积占比,Grassland area (% of land area),Grassland area(% of land area),正向,Positive,0.1225460234973534,0.0306365058743383,10.992966994918948,10.84946261488559,-0.1435043800333595,0.21276869578451058,0.20973142682340726,-0.003037268961103249,-0.003037268961103249,45,0,0,0,17,28,0,0.37777777777777777,17,28,-9.305130836878507e-05,-0.000372205233475141
社会,Social,基础设施,Infrastructure,使用互联网的人口比例,Individuals using the Internet (% of population),Individuals using the Internet (% of population)_x,正向,Positive,0.0935407335307569,0.0233851833826892,1.198846108888889,37.08703089397271,35.88818478508381,0.04470790873576357,0.44271018929767775,0.3980022805619141,0.3980022805619141,45,0,0,0,45,0,0,1.0,45,0,0.009307356317668878,0.037229425270675555
经济,Economic,产业发展,Industrial development,每工人工业增加值,Industry value added per worker,"Industry (including construction), value added per worker (constant 2015 US$)_x",正向,Positive,0.1388193220821358,0.0347048305205339,20283.81836498485,13446.984711046513,-7540.966024627708,0.061836009779991,0.04035577025212076,-0.023692510989677982,-0.02369251098967799,42,1,0,2,25,17,0,0.5952380952380952,25,17,-0.0008222445785026615,-0.003288978314010648
经济,Economic,发展质量,Development quality,通货膨胀率,"Inflation, GDP deflator (annual %)","Inflation, GDP deflator (annual %)",负向,Negative,0.0822219873653558,0.0205554968413389,15.246207471045455,10.031342205745457,-5.063101868010327,0.9739873004441928,0.9828868547131574,0.008640558777900103,0.008640558777900103,44,1,0,0,29,15,0,0.6590909090909091,15,29,0.00017761097866652857,0.0007104439146661162
社会,Social,人口状况,Population conditions,出生时预期寿命,Life expectancy at birth,"Life expectancy at birth, total (years)_pct_change",正向,Positive,0.0231687971847866,0.0057921992961966,0.006679269605327875,-0.013266241860258857,-0.01994551146558674,0.24556033978261851,0.23868747428043732,-0.006872865502181182,-0.006872865502181182,45,0,0,0,4,41,0,0.08888888888888889,4,41,-3.9809006724587736e-05,-0.00015923602689835232
经济,Economic,发展质量,Development quality,商品出口占GDP比重,Merchandise exports (% of GDP),Merchandise exports (% of GDP),正向,Positive,0.1886608537565308,0.0471652134391327,0.2225356369992186,0.23262382068663606,0.010088183687417469,0.16820765715885863,0.17604155617702294,0.0078338990181643,0.0078338990181643,45,0,0,0,25,20,0,0.5555555555555556,25,20,0.0003694875192523314,0.0014779500770093256
社会,Social,基础设施,Infrastructure,移动手机使用数,Mobile cellular subscriptions (per 100 people),Mobile cellular subscriptions (per 100 people),正向,Positive,0.1302110633037984,0.0325527658259496,3.9897909444444446,90.69982888888889,86.71003794444444,0.02302883051534437,0.523513892416185,0.5004850619008406,0.5004850619008406,45,0,0,0,45,0,0,1.0,45,0,0.016292173019443953,0.06516869207777581
生态,Ecological,环境污染,Environmental pollution,PM2.5暴露量,Anthropogenic PM2.5 exposure,PM2.5 exposure/Ambient particulate matter pollution,负向,Negative,0.1325151967292275,0.0331287991823068,13.197601713444085,12.213403748321454,-0.9841979651226344,0.6404333963972859,0.6680186748762186,0.027585278478932735,0.027585278478932735,45,0,0,0,27,18,0,0.6,18,27,0.0009138671511165722,0.0036554686044662976
社会,Social,人口状况,Population conditions,人口增长率,Population growth (annual %),Population growth (annual %),负向,Negative,0.0671856764575181,0.0167964191143795,2.5087621616000004,2.236406883488889,-0.2723552781111111,0.43162224476641503,0.46175424220805256,0.03013199744163743,0.03013199744163743,45,0,0,0,25,20,0,0.5555555555555556,20,25,0.0005061096577831531,0.0020244386311326157
社会,Social,教科医卫,"Health, science and education",艾滋病病毒感染率,HIV prevalence (% of population ages 15-49),"Prevalence of HIV, total (% of population ages 15-49)_x",负向,Negative,0.1539817106150053,0.0384954276537513,6.431707317073171,4.5926829268292675,-1.8390243902439023,0.7839007741613253,0.8466661117123118,0.06276533755098644,0.06276533755098643,41,0,0,4,33,6,2,0.8048780487804879,6,33,0.002416178510857278,0.00966471404342912
社会,Social,社会公平,Social equity,营养不良发生率,Prevalence of undernourishment,Prevalence of undernourishment (percent) (3-year average),负向,Negative,0.1056421573597223,0.0264105393399305,25.310775261324043,19.207813588850176,-6.102961672473867,0.652676263266912,0.7464237543955429,0.09374749112863084,0.09374749112863084,41,0,0,4,27,14,0,0.6585365853658537,14,27,0.0024759218024724907,0.009903687209889992
社会,Social,社会公平,Social equity,性别平等,Women in national parliament (% of seats),Proportion of seats held by women in national parliaments (%)_x,正向,Positive,0.1339867978103135,0.0334966994525783,10.623054411123242,23.82260998273937,13.199555571616123,0.18871705843246772,0.39028283927733715,0.2015657808448695,0.2015657808448695,45,0,0,0,41,4,0,0.9111111111111111,41,4,0.0067517883808848565,0.027007153523539495
资源,Resource,自然资源,Natural resources,人均可再生内陆淡水资源,Renewable internal freshwater resources per capita,Renewable internal freshwater resources per capita (cubic meters)_x,正向,Positive,0.1278208736539783,0.0319552184134945,12446.302605768182,7202.385126175001,-5243.917479593182,0.09835898154057864,0.0564369149888595,-0.041922066551719143,-0.041922066551719143,44,0,0,1,0,44,0,0.0,0,44,-0.0013396287930052377,-0.005358515172020963
社会,Social,教科医卫,"Health, science and education",发表科技论文数量（每百万人）,Scientific and technical journal articles per million people,Scientific and technical journal articles per million people,正向,Positive,0.0604058894263249,0.0151014723565812,10.31552791796224,36.30956757977885,25.994039661816615,0.03352103992932007,0.11799051627195324,0.08446947634263322,0.08446947634263322,45,0,0,0,45,0,0,1.0,45,0,0.001275613461963165,0.00510245384785267
经济,Economic,产业发展,Industrial development,每工人服务业增加值,Services value added per worker,"Services, value added per worker (constant 2015 US$)_x",正向,Positive,0.2101827409819293,0.0525456852454823,5860.817815970226,7212.636123116278,1173.0820760297738,0.16029206184942893,0.20039059065273965,0.03479673648867458,0.03479673648867458,42,1,0,2,31,11,0,0.7380952380952381,31,11,0.0018284183631038838,0.007313673452415538
资源,Resource,能源生产和消费,Energy production and consumption,人均太阳能、潮汐、波浪、燃料电池发电装机容量,"Solar, tidal, wave, and fuel-cell electricity capacity per capita","Solar, tide, wave, fuel cell electricity installed capacity (million kilowatts)_per_capita",正向,Positive,0.0745451983186821,0.0186362995796705,1.987289518587941e-07,0.00011025760062337517,0.00011005887167151639,0.0001472267375996431,0.08168345217700773,0.0815362254394081,0.0815362254394081,45,0,0,0,43,0,2,0.9555555555555556,43,0,0.0015195335238843604,0.006078134095537451
生态,Ecological,生态保护,Ecological protection,物种保护指数,Species Protection Index,Species Protection Index,正向,Positive,0.1483881396350719,0.0370970349087679,35.061777777777785,50.122444444444426,15.060666666666666,0.374112012140181,0.5348105467823778,0.1606985346421966,0.1606985346421966,45,0,0,0,43,0,2,0.9555555555555556,43,0,0.005961439149409415,0.023845756597637706
生态,Ecological,生态环境,Ecological conditions,陆地贫瘠土地面积占比,Terrestrial barren land (% of land area),"Terrestrial barren land|1000 HA|ECCCT|Terrestrial Barren Land|Environment, Climate Change, Climate Indicators, Land Cover Accounts, Terrestrial Barren Land|Climate neutral(% of land area)",负向,Negative,0.1201216018536951,0.0300304004634237,8.444011694198656,7.984832537800024,-0.4591791563986296,0.8983267496031269,0.9038556663119486,0.005528916708821951,0.005528916708821951,45,0,0,0,20,17,8,0.4444444444444444,17,20,0.00016603558289483776,0.0006641423315793527
生态,Ecological,生态保护,Ecological protection,陆地生物群落保护,Terrestrial biome protection,Terrestrial biome protection (global weights),正向,Positive,0.1578170956480933,0.0394542739120233,11.740235428508878,17.146180314682024,5.405944886173151,0.39134118095029596,0.5715393438227343,0.18019816287243834,0.18019816287243834,45,0,0,0,43,0,2,0.9555555555555556,43,0,0.007109587676412569,0.028438350705650293
资源,Resource,资源利用效率,Resource-use efficiency,水资源生产效率,Water productivity,"Water productivity, total (constant 2015 US$ GDP per cubic meter of total freshwater withdrawal)_x",正向,Positive,0.097666953529671,0.0244167383824177,28.55900160134462,54.21834895908584,23.063566956811375,0.03684894636037033,0.07058554185235019,0.030323695227945667,0.03032369522794567,44,1,0,0,39,5,0,0.8863636363636364,39,5,0.0007404057331689176,0.0029616229326756764
生态,Ecological,生态环境,Ecological conditions,湿地面积占比,Wetland area (% of land area),Wetland area(% of land area),正向,Positive,0.1068141148374174,0.0267035287093543,1.9803932509346567,1.9731197626256236,-0.007273488309033592,0.12017827871446712,0.11973421428573125,-0.0004440644287358382,-0.0004440644287358382,45,0,0,0,25,20,0,0.5555555555555556,25,20,-1.1858087221550475e-05,-4.7432348886201954e-05
